proposal_no,date_submitted,title,sponsor,prime_sponsor,PI,credit,first,total,theme
24-0949,5/3/2024,"""A Hierarchal Decentralized and Private Paradigm for Federated Learning""",Qatar University,"Qatar Research, Development and Innovation Council","Salman, Tara Thaer",100%,"$37,832.00 ","$89,907.00 ",Privacy / Machine Learning
20-0238,11/14/2019,"""A Learning-Based Device Driver Synthesis System""",National Science Foundation,,"Jin, Fang",50%,"$42,676.50 ","$125,579.00 ",Software / Systems
20-0238,11/14/2019,"""A Learning-Based Device Driver Synthesis System""",National Science Foundation,,"Zhang, Zhenkai",50%,"$42,676.50 ","$125,579.00 ",Software / Systems
19-1128,8/2/2019,"""A Logic Programming Approach to Integrate Computing with Middle School Science Education""",National Science Foundation,,"Zhang, Yuanlin",60%,"$19,680.00 ","$19,680.00 ",Education & Workforce Development
19-0334,12/19/2018,"""A Meta-Modeling Approach for Modeling Security Failure-Tolerant Requirements""",National Science Foundation,,"Shin, Eonsuk",100%,"$105,232.00 ","$308,559.00 ",Cybersecurity
21-0033,9/15/2020,"""A Public Map-Aware Framework for Expediting Drone-Aided Post Disaster Rescue""",Sony Electronics Inc,,"Lim, Sunho",100%,"$99,989.00 ","$99,989.00 ",Robotics & CPS
21-0001,9/10/2020,"""A unified virtual approach to Data Science integrating AI, math, statistics and beyond""",United States Department of Education,,"Zhang, Yuanlin",100%,"$989,038.00 ","$3,996,485.00 ",Education & Workforce Development
25-0768,2/28/2025,"""A User-friendly Decision-Support Tool for Data-Driven Early Detection and Prevention of Opioid Overdose Risk""",American Public Health Association,,"Sheng, Victor",70%,"$139,906.20 ","$139,906.20 ",Healthcare / Biomedical
19-0531,2/28/2019,"""AccelNet: Catalytic Steps towards a Network of Networks for Long-Term Collaborations in Data Security Research for Resource-Constrained IoT Devices""",National Science Foundation,,"Zhuang, Yu",100%,"$181,652.00 ","$511,997.00 ",Networking & Communications
22-0111,10/11/2021,"""AccelNet-Design: Network-of-Networks for AI-assisted COVID Severity Detection Towards FW-HTF""",National Science Foundation,,"Morshed, Bashir Iqbal",100%,"$125,428.00 ","$250,000.00 ",Networking & Communications
24-0994,5/23/2024,"""Acquisition Support in Answering Problems and Questions (ASAP-Questions) - Phase II""",Joint Strategic Technologies,DOD Air Force,"Zhang, Yuanlin",100%,"$464,945.00 ","$496,582.00 ",Software / Systems
24-0166,9/28/2023,"""Acquisition Support in Answering Problems and Questions (ASAP-Questions)""",Joint Strategic Technologies,DOD Air Force,"Zhang, Yuanlin",100%,"$40,490.00 ","$40,490.00 ",Software / Systems
19-0925,6/25/2019,"""Action Languages for Story Understanding in an Explainable and Transparent Fashion""",University of Nebraska Omaha,National Science Foundation,"Gelfond, Michael",50%,"$43,203.50 ","$107,023.00 ",AI / Machine Learning
19-0925,6/25/2019,"""Action Languages for Story Understanding in an Explainable and Transparent Fashion""",University of Nebraska Omaha,National Science Foundation,"Zhang, Yuanlin",50%,"$43,203.50 ","$107,023.00 ",AI / Machine Learning
20-1276,8/20/2020,"""Adaptive Difficulty for Maximum Attention: Predicting and Preventing Mind-Wandering Within an Adaptive Learning System to Improve STEM Learning""",University of Memphis,Dof Ed - Institute of Education Science,"Morshed, Bashir Iqbal",100%,"$48,990.00 ","$170,491.00 ",Education & Workforce Development
19-0524,2/19/2019,"""ADT: From Hate Speech to Hate Crime: Phase Space Embedding and Multiscale Geometric Data Fusion""",National Science Foundation,,"Dang, Tommy",33%,"$47,496.90 ","$96,977.43 ",AI / Machine Learning
21-0063,10/5/2020,"""AF: Small: Integer programming of a block structure -- algorithms and applications""",National Science Foundation,,"Chen, Lin",100%,"$140,059.00 ","$482,619.00 ",Algorithms / Theory / Optimization
22-0318,12/10/2021,"""AF: Small: Integer programming of a block structure with applications in renewable energy scheduling and multi-agent systems""",National Science Foundation,,"Chen, Lin",80%,"$99,517.60 ","$363,464.80 ",Algorithms / Theory / Optimization
23-0221,11/4/2022,"""AF: Small: Parameterized and Approximation Algorithms for Integer Programming with a Few Global Variables and Constraints""",National Science Foundation,,"Chen, Lin",95%,"$184,186.95 ","$519,270.00 ",Algorithms / Theory / Optimization
23-0221,11/4/2022,"""AF: Small: Parameterized and Approximation Algorithms for Integer Programming with a Few Global Variables and Constraints""",National Science Foundation,,"Serwadda, Abdul",5%,"$9,694.05 ","$27,330.00 ",Algorithms / Theory / Optimization
22-0641,3/31/2022,"""AF: Small: Scheduling and matrix discrepancy via additive number theory""",National Science Foundation,,"Chen, Lin",100%,"$162,569.00 ","$600,000.00 ",Algorithms / Theory / Optimization
20-0294,11/14/2019,"""AF: Small: Tractable classes of integer programming - structures, algorithms and applications""",National Science Foundation,,"Chen, Lin",100%,"$181,363.00 ","$499,445.00 ",Algorithms / Theory / Optimization
23-1192,8/1/2023,"""AI Across the Curriculum for Virtual Schools""","The Concord Consortium, Inc",United States Department of Education,"Sheng, Victor",20%,"$37,849.40 ","$240,000.00 ",Education & Workforce Development
23-1192,8/1/2023,"""AI Across the Curriculum for Virtual Schools""","The Concord Consortium, Inc",United States Department of Education,"Zhang, Yuanlin",80%,"$151,397.60 ","$960,000.00 ",Education & Workforce Development
20-0430,1/13/2020,"""AI Augmented Learning of Abstraction""",National Science Foundation,,"Gelfond, Michael",10%,"$17,912.00 ","$39,594.00 ",Education & Workforce Development
20-0430,1/13/2020,"""AI Augmented Learning of Abstraction""",National Science Foundation,,"Zhang, Yuanlin",90%,"$161,208.00 ","$356,346.00 ",Education & Workforce Development
21-1038,6/17/2021,"""AI Capability at the Edge (ACE) for Medical Response to Weapons of Mass Destruction (WMD) Threats""","Vivonics, Inc",United States Department of Defense,"Morshed, Bashir Iqbal",100%,"$50,000.00 ","$50,000.00 ",Sensors / IoT / Edge
23-0203,10/25/2022,"""AI for Automated Cardiac Disease Detection from Existing Clinical EKG Tracing Printouts to Improve Rural Healthcare""",NIH - National Heart Lung and Blood Institute,,"Morshed, Bashir Iqbal",100%,"$140,947.00 ","$412,724.00 ",Healthcare / Biomedical
20-0530,1/30/2020,"""AI Institute: Planning: A Research and Practice Hub of Self-Aware Data""",National Science Foundation,,"Jin, Fang",15%,"$37,786.05 ","$74,965.50 ",AI / Machine Learning
20-0530,1/30/2020,"""AI Institute: Planning: A Research and Practice Hub of Self-Aware Data""",National Science Foundation,,"Sheng, Victor",20%,"$50,381.40 ","$99,954.00 ",AI / Machine Learning
20-0530,1/30/2020,"""AI Institute: Planning: A Research and Practice Hub of Self-Aware Data""",National Science Foundation,,"Siami Namin, Akbar",15%,"$37,786.05 ","$74,965.50 ",AI / Machine Learning
25-0579,1/24/2025,"""AIMing: AI-Assisted Scalable Predictive Model Checking""",National Science Foundation,,"Siami Namin, Akbar",100%,"$456,215.00 ","$1,200,000.00 ",AI / Machine Learning
25-0314,11/5/2024,"""AI-proofing Homework for Enhanced Learning: A New Paradigm for STEM Education""",National Science Foundation,,"Dang, Tommy",20%,"$58,768.80 ","$179,999.80 ",Education & Workforce Development
25-0314,11/5/2024,"""AI-proofing Homework for Enhanced Learning: A New Paradigm for STEM Education""",National Science Foundation,,"Serwadda, Abdul",70%,"$205,690.80 ","$629,999.30 ",Education & Workforce Development
24-0508,1/24/2024,"""An AI-Powered Code Assistant for Programming Course Education with Large Language Models""",National Science Foundation,,"Sheng, Victor",100%,"$308,229.00 ","$899,645.00 ",Education & Workforce Development
25-0345,11/5/2024,"""An AI-Powered Code Assistant for Programming Course Education with Large Language Models""",National Science Foundation,,"Sheng, Victor",100%,"$309,725.00 ","$896,374.00 ",Education & Workforce Development
19-0519,2/19/2019,"""An Answer Set Programming Approach to Adaptable Clinical Practice Guideline Based Decision Support""",NIH - National Library of Medicine,,"Gelfond, Michael",25%,"$39,886.00 ","$92,124.50 ",AI / Machine Learning
19-0519,2/19/2019,"""An Answer Set Programming Approach to Adaptable Clinical Practice Guideline Based Decision Support""",NIH - National Library of Medicine,,"Zhang, Yuanlin",75%,"$119,658.00 ","$276,373.50 ",AI / Machine Learning
20-0240,12/5/2019,"""AnthroRI: A Human-centric Approach Towards Prioritization of Infrastructure Recovery""",DOC Economic Development Administration,,"Jin, Fang",10%,"$21,834.80 ","$50,001.00 ",Human-centered / Social / Anthropology
19-0277,1/1/2019,"""AnthroVI: A Human-centric Approach Towards Prioritization of Infrastructure Recovery""",National Science Foundation,,"Jin, Fang",15%,"$38,050.35 ","$97,503.75 ",Human-centered / Social / Anthropology
20-1132,7/16/2020,"""Artificial intelligence enabled self-dental care system for the elderly""",DHHS National Institutes of Health,,"Serwadda, Abdul",80%,"$172,169.60 ","$315,315.20 ",Healthcare / Biomedical
25-0574,2/17/2025,"""Artificial Sentinels for Preventive-Action at the Verge of Accidents in Healthcare Facilities""",CDC National Institute of Occupational Safety and Health,DHHS National Institutes of Health,"Tiomkin, Stas",100%,"$171,976.00 ","$331,798.00 ",Sensors / IoT / Edge
20-0488,1/28/2020,"""ASAP: AI innovations for Sustainable Agricultural Production""",New Mexico State University,National Science Foundation,"Gelfond, Michael",100%,"$31,257.00 ","$161,723.00 ",Environment & Agriculture
23-0824,5/11/2023,"""Assessing and Enhancing Resilience in U.S. Agriculture: Tackling Natural Disaster, Biosecurity, and Cybersecurity Risks""",USDA-NIFA Cooperative State Research Ed & Extension Service,,"Siami Namin, Akbar",5%,"$18,933.95 ","$18,933.95 ",Environment & Agriculture
22-0147,10/18/2021,"""Assessing Competencies for an EHR Enhanced Simulation Program (EHR-ESP: GO-DIGITAL)""",Texas Tech University Health Sciences Center,American Nurses Foundation,"Hewett, Rattikorn",25%,"$46,202.00 ","$142,875.00 ",Healthcare / Biomedical
22-0147,10/18/2021,"""Assessing Competencies for an EHR Enhanced Simulation Program (EHR-ESP: GO-DIGITAL)""",Texas Tech University Health Sciences Center,American Nurses Foundation,"Liu, Ying",25%,"$46,202.00 ","$142,875.00 ",Healthcare / Biomedical
22-0147,10/18/2021,"""Assessing Competencies for an EHR Enhanced Simulation Program (EHR-ESP: GO-DIGITAL)""",Texas Tech University Health Sciences Center,American Nurses Foundation,"Salman, Tara Thaer",25%,"$46,202.00 ","$142,875.00 ",Healthcare / Biomedical
22-0147,10/18/2021,"""Assessing Competencies for an EHR Enhanced Simulation Program (EHR-ESP: GO-DIGITAL)""",Texas Tech University Health Sciences Center,American Nurses Foundation,"Sheng, Victor",25%,"$46,202.00 ","$142,875.00 ",Healthcare / Biomedical
20-0712,3/25/2020,"""ATD: Deep Learning for Predicting Political Coercive Violence Around Election Periods Across Africa""",National Science Foundation,,"Dang, Tommy",33%,"$49,368.66 ","$155,572.56 ",AI / Machine Learning
24-0989,5/20/2024,"""Augmenting AMR dashboards with strict confidentiality, robust trackability, high utility, and verifiable integrity""",USDA - Animal and Plant Health Inspection Service,,"Ji, Tianxi",50%,"$130,118.50 ","$130,118.50 ",Blockchain & Privacy
20-0040,9/26/2019,"""Automatically Measuring Phishing Victim Susceptibility from Publicly Available Information""",DOD - Office of Naval Research,None,"Siami Namin, Akbar",45%,"$113,749.20 ","$353,129.40 ",Cybersecurity
22-0628,3/29/2022,"""BCSER: ABCS: Understanding Abstraction as a Base for Integrating Computing and STEM Learning""",National Science Foundation,,"Zhang, Yuanlin",100%,"$69,161.00 ","$350,000.00 ",Education & Workforce Development
24-0172,10/5/2023,"""Beefing up Genomic Data Sharing with Interpretable Privacy, Robust Traceability, Optimal Utility, and Verifiable Integrity""",DHHS National Institutes of Health,,"Ji, Tianxi",100%,"$392,083.00 ","$1,888,732.00 ",Blockchain & Privacy
24-1107,7/3/2024,"""Beefing up Genomic Data Sharing with Interpretable Privacy, Robust Traceability, Optimal Utility, and Verifiable Integrity""",DHHS National Institutes of Health,,"Ji, Tianxi",100%,"$391,592.00 ","$1,892,807.00 ",Blockchain & Privacy
21-0538,2/18/2021,"""BE-PAL: A Behavior Personal Assistant To Improve Student Classroom Behavior, Academic Performance, and Learning and Teaching Experiences""",University of Memphis,Dof Ed - Institute of Education Science,"Morshed, Bashir Iqbal",100%,"$158,866.00 ","$499,988.00 ",Education & Workforce Development
23-0120,10/6/2022,"""Building an innovation and demonstration program of AI-enabled climate-smart precision agriculture systems""",USDA-NIFA Cooperative State Research Ed & Extension Service,,"Sheng, Victor",8%,"$113,739.04 ","$320,000.00 ",Environment & Agriculture
25-0525,1/23/2025,"""Building Capacity for AI Health Equity in Alzheimer''s Research""",University of North Texas Health Science Center,DHHS National Institutes of Health,"Sheng, Victor",60%,"$59,893.20 ","$59,893.20 ",Healthcare / Biomedical
20-0845,4/27/2020,"""CALL: Computing for All through Literacy""",National Science Foundation,,"Zhang, Yuanlin",100%,"$106,221.00 ","$262,433.00 ",Education & Workforce Development
23-0326,12/1/2022,"""Capacity Building for AI-driven Research and Education on UAS Applications in Precision Agriculture""",USDA-NIFA Cooperative State Research Ed & Extension Service,,"Sheng, Victor",10%,"$28,197.40 ","$74,999.90 ",Education & Workforce Development
25-1305,7/23/2025,"""Career: Advancing Edge Intelligence in Dynamic, Heterogeneous, and Resource-Constrained Environments""",National Science Foundation,,"Yao, Jingjing",100%,"$120,031.00 ","$599,408.00 ",Sensors / IoT / Edge
20-1205,8/11/2020,"""CAREER: Charge Hacking: Assessing the Privacy Threats Posed by Public Smart Phone Charging Hubs""",National Science Foundation,,"Serwadda, Abdul",100%,"$92,129.00 ","$489,550.00 ",Cybersecurity
25-1288,7/23/2025,"""CAREER: Differential Privacy Meets Random Geometry: Interpretation, Applications, and Trade-offs""",National Science Foundation,,"Ji, Tianxi",100%,"$119,197.00 ","$585,461.00 ",Privacy / Machine Learning
19-1054,7/17/2019,"""CAREER: End-User Security Augmentation Through Behavior Profiling""",National Science Foundation,None,"Serwadda, Abdul",100%,"$90,728.00 ","$482,383.00 ",Cybersecurity
23-1187,7/25/2023,"""Career: Fine-grained exact and approximation algorithms via additive number theory""",National Science Foundation,,"Chen, Lin",85%,"$53,843.25 ","$497,703.90 ",Algorithms / Theory / Optimization
23-1187,7/25/2023,"""Career: Fine-grained exact and approximation algorithms via additive number theory""",National Science Foundation,,"Serwadda, Abdul",15%,"$9,501.75 ","$87,830.10 ",Algorithms / Theory / Optimization
21-1112,7/26/2021,"""CAREER: Fine-grained polynomial time approximation schemes -- a hierarchy based on approximation precision""",National Science Foundation,,"Chen, Lin",100%,"$130,310.00 ","$661,539.00 ",Algorithms / Theory / Optimization
24-1106,7/23/2024,"""CAREER: From Bipartite to Multipartite Entanglement Estimation""",National Science Foundation,,"Wei, Lu",100%,"$108,630.00 ","$587,559.00 ",Quantum
23-1185,7/26/2023,"""CAREER: Intelligent Mobile Edge Caching""",National Science Foundation,,"Yao, Jingjing",100%,"$211,857.00 ","$691,690.00 ",Networking & Communications
23-1334,8/1/2023,"""Career: Leveraging Extended Reality to Improve Attention in Older Adults""",National Science Foundation,,"Dang, Tommy",3%,"$3,603.75 ","$17,256.72 ",Education & Workforce Development
24-1161,7/19/2024,"""Career: Modeling, Designing, and Analyzing Connectivity for Robust Link-Layer Protocols in Quantum Memory Networks""",National Science Foundation,,"Liu, Ying",100%,"$109,604.00 ","$590,335.00 ",
21-1171,7/26/2021,"""CAREER: Personalized Visual Analytics of High-dimensional Data""",National Science Foundation,,"Dang, Tommy",100%,"$106,111.00 ","$563,587.00 ",Visualization / Analytics
22-1058,7/27/2022,"""CAREER: Personalized Visual Analytics of High-dimensional Data""",National Science Foundation,,"Dang, Tommy",100%,"$116,647.00 ","$619,893.00 ",Visualization / Analytics
24-1185,7/24/2024,"""CAREER: Secure, Robust, and Efficient Federated Learning Framework for Internet of Medical Things""",National Science Foundation,,"Salman, Tara Thaer",90%,"$112,482.90 ","$537,390.00 ",Privacy / Machine Learning
25-1261,7/23/2025,"""CAREER: Toward Robust, Hierarchical, and Privacy-Aware Federated Learning""",National Science Foundation,,"Salman, Tara Thaer",90%,"$109,099.80 ","$562,967.10 ",Privacy / Machine Learning
21-0295,12/3/2020,"""Category II: Demonstrating Advanced Renewable Energy Use for Sci-entific Computing (DAREUS)""",National Science Foundation,,"Chen, Yong",20%,"$1,000,000.00 ","$1,000,000.00 ",Environment & Agriculture
21-0295,12/3/2020,"""Category II: Demonstrating Advanced Renewable Energy Use for Sci-entific Computing (DAREUS)""",National Science Foundation,,"Dang, Tommy",20%,"$1,000,000.00 ","$1,000,000.00 ",Environment & Agriculture
24-0289,10/18/2023,"""Category II: REPACSS: Empowering Scientific Discovery through Renewable Energy Powered Advanced Computing Systems and Services""",National Science Foundation,,"Chen, Yong",20%,"$1,000,000.00 ","$1,000,000.00 ",Energy / Environment
24-1120,6/27/2024,"""Category II: REPACSS: Empowering Scientific Discovery through Renewable Energy Powered Advanced Computing Systems and Services""",National Science Foundation,,"Chen, Yong",20%,"$199,999.80 ","$199,999.80 ",Energy / Environment
25-0425,12/2/2024,"""Category II: REPACSS: Empowering Scientific Discovery through Renewable Energy Powered Advanced Computing Systems and Services""",National Science Foundation,,"Chen, Yong",20%,"$250,000.00 ","$1,250,000.00 ",Energy / Environment
25-0912,4/7/2025,"""Category II: REPACSS: Empowering Scientific Discovery through Renewable Energy Powered Advanced Computing Systems and Services""",National Science Foundation,,"Chen, Yong",20%,"$199,999.80 ","$199,999.80 ",Energy / Environment
24-0289,10/18/2023,"""Category II: REPACSS: Empowering Scientific Discovery through Renewable Energy Powered Advanced Computing Systems and Services""",National Science Foundation,,"Dang, Tommy",10%,"$500,000.00 ","$500,000.00 ",Energy / Environment
24-1120,6/27/2024,"""Category II: REPACSS: Empowering Scientific Discovery through Renewable Energy Powered Advanced Computing Systems and Services""",National Science Foundation,,"Dang, Tommy",10%,"$99,999.90 ","$99,999.90 ",Energy / Environment
25-0425,12/2/2024,"""Category II: REPACSS: Empowering Scientific Discovery through Renewable Energy Powered Advanced Computing Systems and Services""",National Science Foundation,,"Dang, Tommy",10%,"$125,000.00 ","$625,000.00 ",Energy / Environment
25-0912,4/7/2025,"""Category II: REPACSS: Empowering Scientific Discovery through Renewable Energy Powered Advanced Computing Systems and Services""",National Science Foundation,,"Dang, Tommy",10%,"$99,999.90 ","$99,999.90 ",Energy / Environment
24-0289,10/18/2023,"""Category II: REPACSS: Empowering Scientific Discovery through Renewable Energy Powered Advanced Computing Systems and Services""",National Science Foundation,,"Mengel, Susan A",10%,"$500,000.00 ","$500,000.00 ",Energy / Environment
24-1120,6/27/2024,"""Category II: REPACSS: Empowering Scientific Discovery through Renewable Energy Powered Advanced Computing Systems and Services""",National Science Foundation,,"Mengel, Susan A",10%,"$99,999.90 ","$99,999.90 ",Energy / Environment
25-0425,12/2/2024,"""Category II: REPACSS: Empowering Scientific Discovery through Renewable Energy Powered Advanced Computing Systems and Services""",National Science Foundation,,"Mengel, Susan A",10%,"$125,000.00 ","$625,000.00 ",Energy / Environment
25-0912,4/7/2025,"""Category II: REPACSS: Empowering Scientific Discovery through Renewable Energy Powered Advanced Computing Systems and Services""",National Science Foundation,,"Mengel, Susan A",10%,"$99,999.90 ","$99,999.90 ",Energy / Environment
24-0289,10/18/2023,"""Category II: REPACSS: Empowering Scientific Discovery through Renewable Energy Powered Advanced Computing Systems and Services""",National Science Foundation,,"Zhuang, Yu",10%,"$500,000.00 ","$500,000.00 ",Energy / Environment
24-1120,6/27/2024,"""Category II: REPACSS: Empowering Scientific Discovery through Renewable Energy Powered Advanced Computing Systems and Services""",National Science Foundation,,"Zhuang, Yu",10%,"$99,999.90 ","$99,999.90 ",Energy / Environment
25-0425,12/2/2024,"""Category II: REPACSS: Empowering Scientific Discovery through Renewable Energy Powered Advanced Computing Systems and Services""",National Science Foundation,,"Zhuang, Yu",10%,"$125,000.00 ","$625,000.00 ",Energy / Environment
25-0912,4/7/2025,"""Category II: REPACSS: Empowering Scientific Discovery through Renewable Energy Powered Advanced Computing Systems and Services""",National Science Foundation,,"Zhuang, Yu",10%,"$99,999.90 ","$99,999.90 ",Energy / Environment
20-0411,1/9/2020,"""CCRI:Planning:Collaborative Research:Key Technologies of Blockchain for IoT""",National Science Foundation,None,"Chen, Lin",50%,"$10,000.00 ","$10,000.00 ",Blockchain & Privacy
20-0411,1/9/2020,"""CCRI:Planning:Collaborative Research:Key Technologies of Blockchain for IoT""",National Science Foundation,None,"Zhang, Zhenkai",50%,"$10,000.00 ","$10,000.00 ",Blockchain & Privacy
21-0144,10/26/2020,"""CDS&E: Fast Search of Growing High-Dimensional Big Data to Enable Accurate Semiclassical Molecular Dynamics Studies of Large Molecular Systems""",National Science Foundation,,"Zhuang, Yu",100%,"$87,226.00 ","$278,348.00 ",Data / Metadata / Scientific Data
20-0194,10/31/2019,"""CDS&E: Fast Search of Growing High-Dimensional Big Data to Enable Data-Driven Scientific Studies""",National Science Foundation,,"Zhuang, Yu",80%,"$82,160.80 ","$597,739.20 ",Data / Metadata / Scientific Data
23-0840,5/4/2023,"""Center for CyberSecurity of Integrated Exposure Sensing and Response Technologies (CIERTO)""",United States Department of Defense,,"Lim, Sunho",12%,"$246,889.80 ","$1,200,000.00 ",Cybersecurity
23-0840,5/4/2023,"""Center for CyberSecurity of Integrated Exposure Sensing and Response Technologies (CIERTO)""",United States Department of Defense,,"Mengel, Susan A",11%,"$226,315.65 ","$1,100,000.00 ",Cybersecurity
23-0840,5/4/2023,"""Center for CyberSecurity of Integrated Exposure Sensing and Response Technologies (CIERTO)""",United States Department of Defense,,"Morshed, Bashir Iqbal",7%,"$144,019.05 ","$700,000.00 ",Cybersecurity
23-0840,5/4/2023,"""Center for CyberSecurity of Integrated Exposure Sensing and Response Technologies (CIERTO)""",United States Department of Defense,,"Serwadda, Abdul",13%,"$267,463.95 ","$1,300,000.00 ",Cybersecurity
23-0840,5/4/2023,"""Center for CyberSecurity of Integrated Exposure Sensing and Response Technologies (CIERTO)""",United States Department of Defense,,"Sheng, Victor",7%,"$144,019.05 ","$700,000.00 ",Cybersecurity
23-0840,5/4/2023,"""Center for CyberSecurity of Integrated Exposure Sensing and Response Technologies (CIERTO)""",United States Department of Defense,,"Siami Namin, Akbar",24%,"$493,779.60 ","$2,400,000.00 ",Cybersecurity
23-0840,5/4/2023,"""Center for CyberSecurity of Integrated Exposure Sensing and Response Technologies (CIERTO)""",United States Department of Defense,,"Zhuang, Yu",7%,"$144,019.05 ","$700,000.00 ",Cybersecurity
22-1084,8/31/2022,"""Center for Next Generation Convergent Transportation Safety (C-NGCTS)""",United States Department of Transportation,,"Hewett, Rattikorn",3%,"$120,000.00 ","$120,000.00 ",Disaster / Resilience / Evacuation
20-0310,11/14/2019,"""CHS core: Small: Human-machine analytics for visual recommendation""",National Science Foundation,,"Dang, Tommy",100%,"$91,716.00 ","$187,492.00 ",AI / Machine Learning
20-0229,11/14/2019,"""CHS: Small: A Multi-Modal Scientific Content Analysis for Real Time Deception Detection Using Psychological Features""",National Science Foundation,,"Siami Namin, Akbar",40%,"$73,965.20 ","$199,999.60 ",AI / Machine Learning
25-0837,4/2/2025,"""CICI:IPAAI:SciCyPAI - Data Integrity and Security in Scientific Cyber-Physical Artificial Intelligence Systems Under Indirect Adversarial Attacks""",National Science Foundation,,"Salman, Tara Thaer",33%,"$106,068.93 ","$297,000.00 ",Cybersecurity
25-0837,4/2/2025,"""CICI:IPAAI:SciCyPAI - Data Integrity and Security in Scientific Cyber-Physical Artificial Intelligence Systems Under Indirect Adversarial Attacks""",National Science Foundation,,"Sheng, Victor",33%,"$106,068.93 ","$297,000.00 ",Cybersecurity
25-0837,4/2/2025,"""CICI:IPAAI:SciCyPAI - Data Integrity and Security in Scientific Cyber-Physical Artificial Intelligence Systems Under Indirect Adversarial Attacks""",National Science Foundation,,"Tiomkin, Stas",34%,"$109,283.14 ","$306,000.00 ",Cybersecurity
25-0877,4/2/2025,"""CICI:UCSS:SHIELD: Strengthening High-performance Infrastructure with Enhanced Layered Defense.""",National Science Foundation,,"Chen, Yong",30%,"$57,521.10 ","$180,000.00 ",Cybersecurity
25-0877,4/2/2025,"""CICI:UCSS:SHIELD: Strengthening High-performance Infrastructure with Enhanced Layered Defense.""",National Science Foundation,,"Ji, Tianxi",15%,"$28,760.55 ","$90,000.00 ",Cybersecurity
25-0877,4/2/2025,"""CICI:UCSS:SHIELD: Strengthening High-performance Infrastructure with Enhanced Layered Defense.""",National Science Foundation,,"Li, Jie",25%,"$47,934.25 ","$150,000.00 ",Cybersecurity
25-0877,4/2/2025,"""CICI:UCSS:SHIELD: Strengthening High-performance Infrastructure with Enhanced Layered Defense.""",National Science Foundation,,"Liao, Song",15%,"$28,760.55 ","$90,000.00 ",Cybersecurity
20-0259,11/14/2019,"""CISE:IIS:CHS:Toward Data Processing in Crowdsourcing Systems""",National Science Foundation,,"Sheng, Victor",100%,"$187,077.00 ","$495,732.00 ",Data / Metadata / Scientific Data
20-0257,11/14/2019,"""CISE:IIS:III: Multi-Source Heterogeneous Information Fusion and Knowledge Learning with Crowdsourcing""",National Science Foundation,,"Sheng, Victor",100%,"$210,545.00 ","$494,737.00 ",Data / Metadata / Scientific Data
21-1246,8/24/2021,"""CISE:IIS:III:Core:Small: Multi-Source Heterogeneous Information Fusion and Interactive Learning within Crowdsourcing""",National Science Foundation,,"Hewett, Rattikorn",50%,"$76,089.00 ","$249,919.50 ",Data / Metadata / Scientific Data
21-1246,8/24/2021,"""CISE:IIS:III:Core:Small: Multi-Source Heterogeneous Information Fusion and Interactive Learning within Crowdsourcing""",National Science Foundation,,"Sheng, Victor",50%,"$76,089.00 ","$249,919.50 ",Data / Metadata / Scientific Data
24-0856,5/1/2024,"""CISE-MSI: DP: Explainable computer vision models for low-quality images in critical infrastructure sectors""",Sam Houston State University,National Science Foundation,"Dang, Tommy",100%,"$36,894.00 ","$114,071.00 ",AI / Machine Learning
19-0067,11/15/2018,"""CNS Core: Small: Collaborative: Vehicular Communication Assisted Evacuation Planning, Disseminating, and Querying for Smooth Acceleration of Mandatory Hurricane Evacuation""",National Science Foundation,,"Lim, Sunho",100%,"$93,281.00 ","$281,947.00 ",Disaster / Resilience / Evacuation
25-1405,8/27/2025,"""Collaborative fault diagnosis for distributed manufacturing: Leveraging structure discovery, data synthesis, and federated learning""",National Science Foundation,,"Yao, Jingjing",50%,"$64,274.50 ","$267,618.50 ",Manufacturing / Advanced Manufacturing
22-0143,10/18/2021,"""Collaborative Research: AAA: AI Augmented Learning of Abstraction""",National Science Foundation,,"Gelfond, Michael",5%,"$11,190.60 ","$26,710.15 ",Education & Workforce Development
22-0143,10/18/2021,"""Collaborative Research: AAA: AI Augmented Learning of Abstraction""",National Science Foundation,,"Sheng, Victor",10%,"$22,381.20 ","$53,420.30 ",Education & Workforce Development
22-0143,10/18/2021,"""Collaborative Research: AAA: AI Augmented Learning of Abstraction""",National Science Foundation,,"Zhang, Yuanlin",70%,"$156,668.40 ","$373,942.10 ",Education & Workforce Development
25-0895,4/7/2025,"""Collaborative Research: Advancing Human-Robot Synergy in Dynamic Environmental Conditions Through Bi-directional Adaptive Feedback Systems""",National Science Foundation,,"Yao, Jingjing",44%,"$56,750.76 ","$172,778.32 ",Robotics & CPS
21-0097,10/5/2020,"""Collaborative Research: AF: Small: Interdicting Combinatorial Optimization Problems with Applications in Security and Healthcare""",National Science Foundation,,"Chen, Lin",100%,"$108,349.00 ","$349,971.00 ",Algorithms / Theory / Optimization
20-0632,3/16/2020,"""Collaborative Research: AnthroRI: A Human-centric Approach Towards Prioritization of Infrastructure Recovery""",National Science Foundation,,"Jin, Fang",20%,"$39,382.40 ","$85,832.40 ",Human-centered / Social / Anthropology
23-0176,10/17/2022,"""Collaborative Research: BitLearn: Incentivizing Fluency by Building a Blockchain-based Economy of Teaching and Learning""",National Science Foundation,,"Chen, Lin",100%,"$29,143.00 ","$199,911.00 ",Blockchain & Privacy
24-0904,5/1/2024,"""Collaborative Research: CISE MSI: RDP: RI: SeaSniff Grid: Autonomous Flying E-Nose Grid for Real-time Sea Water Quality Monitoring""",National Science Foundation,,"Yao, Jingjing",100%,"$112,193.00 ","$150,000.00 ",Environment & Agriculture
25-0596,2/7/2025,"""Collaborative Research: CISE MSI: RPEP: CPS: SeaSniff Grid: Autonomous Aerial E-Nose Swarm for Robust and Real-Time Seawater Quality Assessment""",National Science Foundation,,"Yao, Jingjing",100%,"$88,454.00 ","$300,000.00 ",Environment & Agriculture
20-0286,11/14/2019,"""Collaborative Research: CNS Core: Small: A Novel Framework of Road Communication Optimized for Congestion-minimal Hurricane Evacuation""",National Science Foundation,,"Lim, Sunho",100%,"$92,836.00 ","$282,820.00 ",Disaster / Resilience / Evacuation
21-1229,8/25/2021,"""Collaborative Research: CNS Core: Small: Fundamentals of Ultra-Dense Wireless Networks with Generalized Repulsion""",National Science Foundation,,"Wei, Lu",100%,"$118,384.00 ","$293,229.00 ",Networking & Communications
22-0636,3/25/2022,"""Collaborative Research: CNS Core: Small: Fundamentals of Ultra-Dense Wireless Networks with Generalized Repulsion""",National Science Foundation,,"Wei, Lu",100%,"$48,001.00 ","$48,001.00 ",Networking & Communications
21-0887,5/7/2021,"""Collaborative Research: CNS Core: Small: Towards Enabling High Efficient and Secure Containerization in Edge Devices""",National Science Foundation,,"Zhang, Zhenkai",100%,"$77,493.00 ","$250,000.00 ",Software / Systems
23-0431,12/22/2022,"""Collaborative Research: CPS: Medium: Multimodal Attachable Passive Patch Sensor (MAPPS) System for Epileptic Seizure Detection and Prediction for CPS Health""",National Science Foundation,,"Morshed, Bashir Iqbal",100%,"$182,799.00 ","$629,000.00 ",Sensors / IoT / Edge
24-0335,3/19/2024,"""Collaborative Research: CPS: Medium: RUI: AI-powered Autonomous Drone Swarm Sensing and Computing for Crop Disease Detection""",National Science Foundation,,"Yao, Jingjing",50%,"$150,503.00 ","$413,193.00 ",Robotics & CPS
26-0270,10/20/2025,"""Collaborative Research: CPS-FR: BioSecureTag: Towards Secure, Long-Term Wearable CPS for Biomedical Communication""",National Science Foundation,,"Wang, Wei",50%,"$93,027.00 ","$268,790.00 ",Sensors / IoT / Edge
22-0486,2/1/2022,"""Collaborative Research: Enhancing the Security of Autonomous Microgrid Controller with Customized Blockchain System""",National Science Foundation,,"Chen, Lin",37%,"$65,696.09 ","$133,668.79 ",Blockchain & Privacy
21-0891,5/14/2021,"""Collaborative Research: FMSG: The Framework of Software Defined Manufacturing Infrastructure and its Key Technologies""",UT-Rio Grande,National Science Foundation,"Chen, Lin",100%,"$51,258.00 ","$111,250.00 ",Manufacturing / Advanced Manufacturing
22-0058,10/8/2021,"""Collaborative Research: Fostering Virtual Learning of Data Science Foundations with Mathematical Logic for Rural High School Students""",National Science Foundation,,"Sheng, Victor",15%,"$64,288.95 ","$289,021.80 ",Education & Workforce Development
23-0021,9/6/2022,"""Collaborative Research: Fostering Virtual Learning of Data Science Foundations with Mathematical Logic for Rural High School Students""",National Science Foundation,,"Sheng, Victor",15%,"$7,773.75 ","$7,773.75 ",Education & Workforce Development
22-0058,10/8/2021,"""Collaborative Research: Fostering Virtual Learning of Data Science Foundations with Mathematical Logic for Rural High School Students""",National Science Foundation,,"Zhang, Yuanlin",70%,"$300,015.10 ","$1,348,768.40 ",Education & Workforce Development
23-0021,9/6/2022,"""Collaborative Research: Fostering Virtual Learning of Data Science Foundations with Mathematical Logic for Rural High School Students""",National Science Foundation,,"Zhang, Yuanlin",70%,"$36,277.50 ","$36,277.50 ",Education & Workforce Development
21-0487,2/16/2021,"""Collaborative Research: IIS Core: Small : Event Detection and Knowledge Extraction via Learning and Causality Analysis for Resilience Emergency Response""",National Science Foundation,None,"Hewett, Rattikorn",40%,"$35,336.00 ","$109,980.40 ",AI / Machine Learning
21-1157,7/21/2021,"""Collaborative Research: IUSE: EHR: AI Education for All through Coherent Integration of Foundational Concepts into Core Courses""",National Science Foundation,,"Mengel, Susan A",20%,"$16,245.60 ","$40,000.00 ",Education & Workforce Development
21-1157,7/21/2021,"""Collaborative Research: IUSE: EHR: AI Education for All through Coherent Integration of Foundational Concepts into Core Courses""",National Science Foundation,,"Shomaji, Sumaiya",80%,"$64,982.40 ","$160,000.00 ",Education & Workforce Development
21-0512,2/10/2021,"""Collaborative Research: Project CALL: Computing for All through Literacy""",National Science Foundation,,"Zhang, Yuanlin",100%,"$105,725.00 ","$259,930.00 ",Education & Workforce Development
21-0478,2/2/2021,"""Collaborative Research: Project iChemistry: AI Augmented Learning of Chemistry""",National Science Foundation,,"Zhang, Yuanlin",50%,"$53,747.00 ","$114,622.50 ",Education & Workforce Development
21-1150,7/21/2021,"""Collaborative Research: Project iChemistry: Improve Chemistry Learning Through Explicit Use of Deductive Reasoning""",National Science Foundation,,"Zhang, Yuanlin",40%,"$27,866.00 ","$91,850.80 ",Education & Workforce Development
22-0438,1/19/2022,"""Collaborative Research: Project iChemistry: Improve Chemistry Learning Through Explicit Use of Deductive Reasoning""",National Science Foundation,,"Zhang, Yuanlin",64%,"$44,528.00 ","$146,328.32 ",Education & Workforce Development
20-0298,11/14/2019,"""Collaborative Research: RI: Small: Online Electoral Manipulation: Models, Detection and Defenses""",National Science Foundation,,"Chen, Lin",100%,"$106,635.00 ","$254,090.00 ",Cybersecurity
25-0497,1/27/2025,"""Collaborative Research: SaTC 2.0: RES: Beefing up Genomic Data Sharing with Interpretable Privacy, Robust Traceability, Optimal Utility, and Verifiable Integrity""",National Science Foundation,,"Ji, Tianxi",100%,"$177,445.00 ","$719,685.00 ",Blockchain & Privacy
26-0125,9/29/2025,"""Collaborative Research: SaTC 2.0: RES: Dynamic Privacy Notice for Consumer Mobile and IoT Systems""",National Science Foundation,,"Liao, Song",100%,"$102,878.00 ","$399,183.00 ",Privacy / Machine Learning
23-0458,2/16/2023,"""Collaborative Research: SaTC: CORE: Small: Analytical Models for Conversational Social Engineering Attacks""",National Science Foundation,,"Siami Namin, Akbar",55%,"$131,692.55 ","$440,000.00 ",Cybersecurity
24-0763,7/12/2024,"""Collaborative Research: SaTC: Medium: Identifying Behavior Sequences that Determine Vishing Attack Success""",National Science Foundation,,"Siami Namin, Akbar",45%,"$162,813.60 ","$452,250.00 ",Cybersecurity
25-0025,10/3/2024,"""Collaborative Research: SCH: Inkjet-printed Flexible Epidermal Electronic Lab-on-a-patch (iFEEL) for Disease Detection and Prediction""",National Science Foundation,,"Morshed, Bashir Iqbal",100%,"$116,938.00 ","$700,002.00 ",Sensors / IoT / Edge
22-0373,12/21/2021,"""Collaborative Research: SHF: Medium: Redefining Metadata Search for Scientific Dataset Discovery""",National Science Foundation,,"Chen, Yong",100%,"$182,645.00 ","$630,534.00 ",Data / Metadata / Scientific Data
24-0952,5/15/2024,"""Collaborative Research: SRS RN: HEART NETWORK: HUMAN-CENTRIC ENVIRONMENTAL ADAPTATION AND RESILIENT TRANSFORMATION NETWORK""",National Science Foundation,,"Dang, Tommy",6%,"$90,533.94 ","$450,000.00 ",Human-centered / Social / Anthropology
22-0978,7/20/2022,"""Collaborative Research: Track: Engaged Student Learning: Qubits are the New Bits: A Practical Approach to Enable Quantum Computing Education for All""",National Science Foundation,,"Hewett, Rattikorn",10%,"$9,611.40 ","$14,200.00 ",Education & Workforce Development
22-0978,7/20/2022,"""Collaborative Research: Track: Engaged Student Learning: Qubits are the New Bits: A Practical Approach to Enable Quantum Computing Education for All""",National Science Foundation,,"Wei, Lu",90%,"$86,502.60 ","$127,800.00 ",Education & Workforce Development
25-1401,8/25/2025,"""Collaborative Research: VINES: Track 1: ANNA: AI-Native Networking Architecture for Resilient Sensing, Communication, and Decision-Making in Adverse Environments""",National Science Foundation,,"Wang, Wei",100%,"$123,828.00 ","$348,193.00 ",Networking & Communications
25-1197,6/20/2025,"""Collaborative Research: Wildfire Prediction, Detection, and Response with Digital Twin Enabled Hybrid-AI Models and Federated Learning""",National Science Foundation,,"Morshed, Bashir Iqbal",80%,"$465,590.40 ","$1,110,421.60 ",Disaster / Resilience / Evacuation
25-1197,6/20/2025,"""Collaborative Research: Wildfire Prediction, Detection, and Response with Digital Twin Enabled Hybrid-AI Models and Federated Learning""",National Science Foundation,,"Salman, Tara Thaer",10%,"$58,198.80 ","$138,802.70 ",Disaster / Resilience / Evacuation
25-1381,8/25/2025,"""Collaborative: VINES: Track 1: An Integrated mmWave Architecture for Intelligent Sensing-Communication in Connected Autonomous Systems""",National Science Foundation,,"Wang, Wei",100%,"$105,566.00 ","$300,000.00 ",Networking & Communications
25-0595,2/7/2025,"""Collaborative:CISE MSI: RDP: SaTC: Securing Remote Work Environments with Context-Aware Zero Trust Framework""",National Science Foundation,,"Liao, Song",100%,"$98,223.00 ","$200,000.00 ",Cybersecurity
22-0088,12/8/2021,"""Collaborative:RI: Small: Toward the creation of a large-scale action library and its use for reasoning about effects of actions and causes and explanations of events""",University of Nebraska Omaha,National Science Foundation,"Gelfond, Michael",50%,"$26,041.50 ","$82,481.00 ",AI / Machine Learning
22-0088,12/8/2021,"""Collaborative:RI: Small: Toward the creation of a large-scale action library and its use for reasoning about effects of actions and causes and explanations of events""",University of Nebraska Omaha,National Science Foundation,"Zhang, Yuanlin",50%,"$26,041.50 ","$82,481.00 ",AI / Machine Learning
21-0025,9/15/2020,"""Communication Support for the Speech-Impaired""",Sony Electronics Inc,,"Serwadda, Abdul",100%,"$100,000.00 ","$100,000.00 ",Healthcare / Biomedical
26-0057,9/2/2025,"""Computational Morphological Design of Artificial Vesicles for Targeted Drug Delivery""",Lyda Hill Philanthropies,,"Tiomkin, Stas",50%,"$84,656.50 ","$250,000.00 ",Materials & Chemistry
20-1110,7/14/2020,"""Computeracy for All: Integrating Computing and Literacy""",Spencer Foundation,,"Zhang, Yuanlin",100%,"$181,802.00 ","$499,997.00 ",Education & Workforce Development
19-0258,11/15/2018,"""Consistent Hashing in Deep Storage Architecture""",National Science Foundation,,"Chen, Yong",50%,"$53,768.50 ","$201,702.00 ",Software / Systems
19-0258,11/15/2018,"""Consistent Hashing in Deep Storage Architecture""",National Science Foundation,,"Zhou, Jiang",50%,"$53,768.50 ","$201,702.00 ",Software / Systems
19-1136,8/14/2019,"""Consistent Hashing in Deep Storage Architecture""",National Science Foundation,,"Zhou, Jiang",100%,"$77,846.00 ","$159,214.00 ",Software / Systems
21-0132,11/6/2020,"""CPS: Small: Inkjet Printed Flexible Electronic CPS with Context-aware Events of Interest Detection""",National Science Foundation,,"Morshed, Bashir Iqbal",100%,"$11,325.00 ","$430,531.00 ",Sensors / IoT / Edge
20-0144,10/8/2019,"""CPS: Small: Integrated Reconfigurable Control and Moving Target Defense for Cyber-Physical Systems""",Vanderbilt University,National Science Foundation,"Zhang, Zhenkai",100%,"$6,000.00 ","$6,000.00 ",Robotics & CPS
25-0490,1/6/2025,"""CPS: Small: Towards Learnable Time-Sensitive Communication in Multiagent Transportation Systems""",National Science Foundation,,"Liu, Ying",100%,"$155,981.00 ","$477,062.00 ",Robotics & CPS
26-0055,9/11/2025,"""CPS-FR: Neuro-symbolic AI Models with Inkjet-Printed Flexible Sensor Pixels for Scalable Cyber-Physical Interfacing""",National Science Foundation,,"Morshed, Bashir Iqbal",90%,"$202,671.90 ","$849,916.80 ",AI / Machine Learning
20-0233,10/31/2019,"""CRII: AF: Polynomial time approximation schemes subexponential in the parameter""",National Science Foundation,,"Chen, Lin",100%,"$59,765.00 ","$59,765.00 ",Algorithms / Theory / Optimization
19-1156,8/14/2019,"""CRII: CHS: Human-machine analytics for visual recommendation""",National Science Foundation,,"Dang, Tommy",100%,"$80,140.00 ","$174,547.00 ",AI / Machine Learning
26-0026,9/12/2025,"""CRII: CIF: Exploiting, Modeling, and Leveraging Hidden Features in IoT for Efficient and Secure Communication""",National Science Foundation,,"Wang, Wei",100%,"$139,527.00 ","$139,527.00 ",Sensors / IoT / Edge
25-0429,11/26/2024,"""CRII: RI: Interpretable Framework and Transformative Applications for Viability in Autonomous Agents""",National Science Foundation,,"Tiomkin, Stas",100%,"$105,524.00 ","$105,524.00 ",AI / Machine Learning
25-0256,10/15/2024,"""CSR: Small: AeroGuide: UAV-Based AR Caching System for Dynamic Crowd Management""",National Science Foundation,,"Yao, Jingjing",100%,"$135,564.00 ","$365,378.00 ",Robotics & CPS
21-1116,7/14/2021,"""Culturally Informed Pain Assessment Technology to Reduce Health Disparities in Underserved Populations""",National Science Foundation,,"Lim, Sunho",20%,"$24,971.80 ","$50,000.00 ",Healthcare / Biomedical
21-1116,7/14/2021,"""Culturally Informed Pain Assessment Technology to Reduce Health Disparities in Underserved Populations""",National Science Foundation,,"Shin, Eonsuk",20%,"$24,971.80 ","$50,000.00 ",Healthcare / Biomedical
21-0641,4/19/2021,"""DASS: Reframing Software Engineering: Evolutionary and Accountable Systems""",National Science Foundation,,"Lim, Sunho",25%,"$56,404.25 ","$187,499.75 ",Software / Systems
21-0641,4/19/2021,"""DASS: Reframing Software Engineering: Evolutionary and Accountable Systems""",National Science Foundation,,"Shin, Eonsuk",25%,"$56,404.25 ","$187,499.75 ",Software / Systems
23-1006,6/7/2023,"""Data Refinement and Reduction for Aviation Sustainment (DRRAS) Phase III""",AVX Aircraft,DOD Army,"Dang, Tommy",25%,"$47,259.75 ","$74,870.50 ",Data / Metadata / Scientific Data
22-0719,5/2/2022,"""Data Refinement and Reduction for Aviation Sustainment (DRRAS)""",AVX Aircraft,DOD Army,"Dang, Tommy",25%,"$85,911.75 ","$131,242.75 ",Data / Metadata / Scientific Data
24-0772,3/25/2024,"""DDoSGuard: Developing Topology-Driven Software Tools and Educational Resources for DDoS Attack Detection and Mitigation in Next-Generation Networks""","Center for Internet Security, Inc",,"Liu, Ying",100%,"$67,612.00 ","$154,137.00 ",Networking & Communications
21-0362,1/8/2021,"""Decentralized Digital Forensic Infrastructure and Key Supporting Technologies""",UT-Rio Grande,DOD Army Research Office,"Chen, Lin",100%,"$126,563.00 ","$640,468.00 ",Blockchain & Privacy
24-0572,2/1/2024,"""Decoding the pathogenic contribution of Nephrin Regulatory Gene Mutations in pediatric Minimal Change Disease (MCD) and Focal Segmental Glomerulosclerosis (FSGS)""",Texas Tech University Health Sciences Center,DHHS National Institutes of Health,"Dang, Tommy",100%,"$103,169.00 ","$322,193.00 ",Healthcare / Biomedical
25-0283,10/24/2024,"""Decoding the pathogenic contribution of Nephrin Regulatory Gene Mutations in pediatric Minimal Change Disease (MCD) and Focal Segmental Glomerulosclerosis (FSGS)""",Texas Tech University Health Sciences Center,DHHS National Institutes of Health,"Dang, Tommy",100%,"$91,498.00 ","$285,223.00 ",Healthcare / Biomedical
23-0720,3/16/2023,"""DESC: Type I: Enabling Longevity for Lightweight IoT Security Protocols""",National Science Foundation,,"Zhuang, Yu",100%,"$210,516.00 ","$599,847.00 ",Cybersecurity
19-0055,12/18/2018,"""Design and Development of Cardiovascular Performance Simulation Platform (CPSP)""",National Science Foundation,,"Mengel, Susan A",33%,"$60,276.81 ","$198,000.00 ",
20-0192,10/16/2019,"""Design and evaluation of a wrist motion-based smart toothbrush system""",NIH - National Center for Research Resources,,"Serwadda, Abdul",90%,"$193,014.00 ","$352,728.90 ",Healthcare / Biomedical
22-0654,4/4/2022,"""Design Chemicals to Enhance Oil Recovery Based on the Knowledge from Machine Learning""",The Camille and Henry Dreyfus Foundation,,"Sheng, Victor",50%,"$28,899.00 ","$59,568.00 ",Materials & Chemistry
24-0538,2/1/2024,"""Developing a global stimulus set for music perception and cognition research""",National Science Foundation,,"Dang, Tommy",50%,"$87,961.50 ","$192,280.50 ",AI / Machine Learning
25-0319,11/15/2024,"""Developing a Multi-Scale Phenotyping Framework Integrating Machine Learning for Crop Water Stress Assessment""",USDA-NIFA Cooperative State Research Ed & Extension Service,,"Yao, Jingjing",20%,"$34,237.40 ","$60,000.00 ",Environment & Agriculture
23-0652,2/18/2023,"""Developing an antimicrobial resistance dashboard for rural and regional-based veterinary practices""",USDA - Animal and Plant Health Inspection Service,None,"Ji, Tianxi",30%,"$52,460.10 ","$52,460.10 ",Healthcare / Biomedical
23-1169,8/11/2023,"""Developing and Testing Innovations [DTI]: Collaborative Research: Flying with purposes - Navigating socioscientific issues with drone technology in K-12 STEM education""",National Science Foundation,,"Lim, Sunho",35%,"$103,859.35 ","$358,367.10 ",Education & Workforce Development
25-0754,2/25/2025,"""Development of Deep Learning-Enhanced Analysis Tools for Parkinson''s Disease""",NIH - National Institute on Aging,,"Sheng, Victor",100%,"$197,077.00 ","$595,070.00 ",Healthcare / Biomedical
23-0669,2/27/2023,"""Development of Machine Learning-Enhanced Analysis Tools for Parkinson''s Disease""",NIH - National Library of Medicine,,"Sheng, Victor",100%,"$130,449.00 ","$439,101.00 ",Healthcare / Biomedical
24-0659,2/26/2024,"""Development of Machine Learning-Enhanced Analysis Tools for Parkinson''s Disease""",DHHS National Institutes of Health,,"Sheng, Victor",100%,"$156,876.00 ","$469,550.00 ",Healthcare / Biomedical
20-1031,6/3/2020,"""Development of Metadata Search Methods for Hierarchical Data Format version 5 (HDF5) Data from Experimental and Observational Science Facilities""",The Regents of the University of California Lawrence Berkeley Natl Lab,DOE-Lawrence Berkeley National Laboratory,"Chen, Yong",100%,"$59,999.00 ","$59,999.00 ",Data / Metadata / Scientific Data
19-0735,5/1/2019,"""Digitizing agriculture on the West Texas prairie: STEM computing in rural high schools""",National Science Foundation,,"Lim, Sunho",15%,"$46,992.45 ","$157,865.25 ",Education & Workforce Development
22-0984,6/29/2022,"""Driving Carbon-Neutral Future through Growth in Renewables Integration and Decarbonization""",Case Western Reserve University,United States Department of State,"Hewett, Rattikorn",100%,"$184,813.00 ","$557,415.00 ",Energy / Environment
23-0045,9/14/2022,"""Drone Helps Privacy: Quantifying Sky Privacy""",Sony Electronics Inc,,"Lim, Sunho",100%,"$99,999.00 ","$99,999.00 ",Privacy / Policy
24-0030,9/15/2023,"""Drone-Swarm Testbed with Edge-Computing AI for Collaborative Intelligent CPS""",DOD Army Research Lab,,"Morshed, Bashir Iqbal",90%,"$468,981.90 ","$468,981.90 ",Robotics & CPS
24-0030,9/15/2023,"""Drone-Swarm Testbed with Edge-Computing AI for Collaborative Intelligent CPS""",DOD Army Research Lab,,"Salman, Tara Thaer",10%,"$52,109.10 ","$52,109.10 ",Robotics & CPS
25-0367,11/14/2024,"""DSFAS: Data Science Enhanced Climate-Smart Agriculture for Southern Great Plains""",USDA-NIFA Cooperative State Research Ed & Extension Service,,"Sheng, Victor",70%,"$144,074.00 ","$453,193.30 ",Environment & Agriculture
19-1122,8/19/2019,"""Economics: Forecasting Income Inequality Using Deep Panel Data Analysis""",National Science Foundation,,"Siami Namin, Akbar",100%,"$221,753.00 ","$641,879.00 ",AI / Machine Learning
20-1247,8/18/2020,"""Economics: Forecasting the Impacts of COVID-19 on Income Inequality""",National Science Foundation,,"Siami Namin, Akbar",100%,"$127,671.00 ","$198,015.00 ",AI / Machine Learning
23-1117,7/7/2023,"""Education DCL: EAGER: Developing A Cyber-Aerial Computing Curriculum for Improving Sky-of-Privacy-Things Education through a Modular-Based Integrated Framework""",National Science Foundation,,"Lim, Sunho",50%,"$73,285.00 ","$149,724.00 ",Education & Workforce Development
24-0646,2/22/2024,"""Education DCL: EAGER: Developing A Cyber-Aerial Computing Curriculum for Improving Sky-of-Privacy-Things Education through a Modular-Based Integrated Framework""",National Science Foundation,,"Lim, Sunho",50%,"$10,000.00 ","$10,000.00 ",Education & Workforce Development
25-0788,3/4/2025,"""Education DCL: EAGER: Developing A Cyber-Aerial Computing Curriculum for Improving Sky-of-Privacy-Things Education through a Modular-Based Integrated Framework""",National Science Foundation,,"Lim, Sunho",50%,"$10,000.00 ","$10,000.00 ",Education & Workforce Development
20-0721,3/27/2020,"""Efficient and Privacy Preserving Blockchain Infrastructure for Highway Transportation and Freight Management""",UT-Rio Grande,United States Department of Transportation,"Chen, Lin",100%,"$40,000.00 ","$80,000.00 ",Blockchain & Privacy
21-0245,11/12/2020,"""Empowering Scientific Dataset Discovery through Self-contained, Semantic, and Linked Metadata Search""",National Science Foundation,,"Chen, Yong",100%,"$263,498.00 ","$879,798.00 ",Data / Metadata / Scientific Data
23-0331,12/5/2022,"""Enabling Fast Ab Initio Simiclassical Molecular Dynamics Simulations with Temporal-Information-based Space Domain Machine Learning""","Welch Foundation, The Robert A",,"Zhuang, Yu",100%,"$100,000.00 ","$300,000.00 ",AI / Machine Learning
22-0047,9/15/2021,"""End-User Security Augmentation Through Behavior Profiling""",Sony Electronics Inc,,"Serwadda, Abdul",100%,"$100,000.00 ","$100,000.00 ",Cybersecurity
21-1034,6/11/2021,"""Energy Baselining, Optimization and Security Augmentation of an Oil Refinery""",University of Texas at San Antonio 743,United States Department of Energy,"Hewett, Rattikorn",36%,"$72,000.00 ","$72,000.00 ",Energy / Environment
21-1034,6/11/2021,"""Energy Baselining, Optimization and Security Augmentation of an Oil Refinery""",University of Texas at San Antonio 743,United States Department of Energy,"Serwadda, Abdul",27%,"$54,000.00 ","$54,000.00 ",Energy / Environment
22-0910,6/23/2022,"""Entanglement estimation based quantum algorithm analysis""",DOE-Office of Science,,"Wei, Lu",100%,"$199,945.00 ","$400,000.00 ",Quantum
23-0731,4/7/2023,"""Entanglement Estimation for Quantum Computing: Theory, Algorithms, and NISQ-level Verification""",DOE-Office of Science,,"Wei, Lu",100%,"$281,388.00 ","$763,250.00 ",Quantum
23-0034,9/16/2022,"""Entanglement estimation: theory, algorithms, and NISQ-level verification""",DOE-Office of Science,,"Wei, Lu",100%,"$380,096.00 ","$1,199,015.00 ",Quantum
22-0320,1/20/2022,"""Estimation of entanglement and circuits complexity as resources for quantum computing""",DOE-Office of Science,,"Wei, Lu",100%,"$166,590.00 ","$749,997.00 ",Quantum
22-0994,7/20/2022,"""Evidence-based Materials for Teaching Quantum Information Science and Technology""",National Science Foundation,,"Zhang, Yuanlin",25%,"$34,031.25 ","$74,847.75 ",Education & Workforce Development
22-0847,5/20/2022,"""ExpandQISE: Track1: Quantum Entanglement Estimation: Theory and Applications""",National Science Foundation,,"Wei, Lu",100%,"$270,440.00 ","$800,000.00 ",Quantum
23-1146,7/10/2023,"""Explore novel blood biomarkers for the management of hemorrhagic strokes""",Texas Tech University Health Science Center at El Paso,NIH - National Institute of Neurological Disorders,"Sheng, Victor",100%,"$75,347.00 ","$75,347.00 ",Healthcare / Biomedical
20-1141,7/16/2020,"""FACT-AI: Crop Growth Monitoring using Remote Sensing and Artificial Intelligence at Field and Regional Scales""",USDA-NIFA Cooperative State Research Ed & Extension Service,,"Jin, Fang",30%,"$93,026.10 ","$291,522.00 ",Environment & Agriculture
22-0921,8/11/2022,"""Fast Dataset Discovery using Self-contained, Semantic, and Linked Metadata Search""",DOE-Office of Science,,"Chen, Yong",100%,"$300,000.00 ","$900,000.00 ",Data / Metadata / Scientific Data
23-0208,11/10/2022,"""FET: Small: Entanglement Estimation for Quantum Computing""",National Science Foundation,,"Wei, Lu",100%,"$103,257.00 ","$320,057.00 ",Quantum
24-0610,2/7/2024,"""FET: Small: Entanglement Estimation for Quantum Computing""",National Science Foundation,,"Wei, Lu",100%,"$18,000.00 ","$30,000.00 ",Quantum
25-0884,4/28/2025,"""FET: Small: From Bipartite to Multipartite Entanglement Estimation""",National Science Foundation,,"Wei, Lu",100%,"$126,506.00 ","$383,744.00 ",Quantum
22-0879,6/3/2022,"""FLEETSPACE Development and Integration""",AVX Aircraft,,"Dang, Tommy",100%,"$162,304.00 ","$200,797.00 ",Defense / Security
22-0467,2/4/2022,"""FLEETSPACE Operations Planning Decision Tool""",AVX Aircraft,DOD Army,"Dang, Tommy",40%,"$43,050.80 ","$87,071.60 ",Algorithms / Theory / Optimization
24-0500,1/17/2024,"""Flipped Learning for Enhanced Project-Based Learning in Cyber-Aerial Computing: Privacy Protection and Security Enhancement""",National Science Foundation,,"Lim, Sunho",35%,"$37,143.40 ","$137,148.90 ",Education & Workforce Development
25-0878,3/26/2025,"""Flipped learning for enhanced project-based learning in cyber-aerial computing: Privacy protection and security enhancement""",National Science Foundation,,"Lim, Sunho",35%,"$7,000.00 ","$7,000.00 ",Education & Workforce Development
19-0405,1/15/2019,"""FMitF: Track II: CLRT: Continuous Time Lagrangian Reachability Tool""",National Science Foundation,,"Islam, Ariful Ariful",100%,"$82,544.00 ","$99,999.00 ",Robotics & CPS
20-1016,6/5/2020,"""FMSG:The Framework of Software Defined Manufacturing Infrastructure and its Key Technologies""",UT-Rio Grande,National Science Foundation,"Chen, Lin",50%,"$31,831.00 ","$68,238.50 ",Manufacturing / Advanced Manufacturing
20-1056,6/17/2020,"""Forecasting Domestic Terrorism: Using Hate Crime Incidents Clusters to Identify Potential Domestic Terrorism Organizations Activity""",United States Department of Homeland Security,,"Dang, Tommy",33%,"$67,763.52 ","$135,880.14 ",AI / Machine Learning
19-0401,1/14/2019,"""Foundation of Learning Computing in a STEM context through Logic Programming""",National Science Foundation,,"Gelfond, Michael",6%,"$18,236.58 ","$44,994.30 ",Education & Workforce Development
19-0401,1/14/2019,"""Foundation of Learning Computing in a STEM context through Logic Programming""",National Science Foundation,,"Zhang, Yuanlin",57%,"$173,247.51 ","$427,445.85 ",Education & Workforce Development
21-0146,10/28/2020,"""Frameworks: DAVinci: An Integrated Data Collection, Automation, and Visualization Framework for High Performance Computing Systems""",National Science Foundation,,"Chen, Yong",40%,"$296,048.80 ","$931,860.00 ",Software / Systems
21-0146,10/28/2020,"""Frameworks: DAVinci: An Integrated Data Collection, Automation, and Visualization Framework for High Performance Computing Systems""",National Science Foundation,,"Dang, Tommy",30%,"$222,036.60 ","$698,895.00 ",Software / Systems
21-0702,3/26/2021,"""FW-HTF-R: Integrating Human Cognition, Social Capital, and Diffusion Strategies into the Future Crowdsourcing Platform""",National Science Foundation,,"Sheng, Victor",30%,"$158,194.20 ","$663,224.70 ",Human-centered / Social / Anthropology
20-0683,3/9/2020,"""FW-HTF-RM: A Human-Machine Hybrid Learning System for UAV-based Agricultural Remote Sensing""",National Science Foundation,,"Sheng, Victor",50%,"$244,554.00 ","$576,452.00 ",Robotics & CPS
23-0710,3/30/2023,"""FW-HTF-RM: Future of Firefighters-Transforming to Next-Generation All-hazards Responders (NGARs)""",National Science Foundation,,"Dang, Tommy",12%,"$37,011.12 ","$119,919.36 ",
25-0539,1/23/2025,"""Geographic music listening: Developing a global stimulus set for music perception and cognition research""",National Science Foundation,,"Dang, Tommy",33%,"$39,550.50 ","$131,327.79 ",AI / Machine Learning
21-0208,11/12/2020,"""HCC: Medium: A Multi-Methods Scientific Content Analysis for Real Time Deception Detection Using Psychological and Acoustic Features""",National Science Foundation,,"Siami Namin, Akbar",40%,"$117,365.20 ","$480,000.00 ",AI / Machine Learning
19-0789,5/8/2019,"""HDR TRIPODS: Bidirectional Data Collection and Data Science""",National Science Foundation,,"Chen, Yong",2%,"$29,999.98 ","$29,999.98 ",Data / Metadata / Scientific Data
19-0789,5/8/2019,"""HDR TRIPODS: Bidirectional Data Collection and Data Science""",National Science Foundation,,"Islam, Ariful Ariful",15%,"$224,999.85 ","$224,999.85 ",Data / Metadata / Scientific Data
25-0408,12/11/2024,"""HumainTech AI Center of Texas Tech University""",National Endowment for the Humanities,None,"Serwadda, Abdul",5%,"$8,693.00 ","$24,999.90 ",AI / Machine Learning
19-0945,7/18/2019,"""I/UCRC: Cloud and Autonomic Computing I/UCRC site at Texas Tech University (CAC@TTU)""",National Science Foundation,,"Chen, Yong",90%,"$125,698.50 ","$125,698.50 ",Software / Systems
21-0230,11/6/2020,"""iAlgebra: A Logic and Computing Assisted Algebra Nation""",Bill and Melinda Gates Foundation,,"Zhang, Yuanlin",50%,"$49,822.50 ","$49,822.50 ",Education & Workforce Development
22-0721,4/22/2022,"""I-Corps: A Platform to Automatically Measure Users Susceptibility to Social Engineering Attacks""",National Science Foundation,,"Siami Namin, Akbar",55%,"$27,500.00 ","$27,500.00 ",Cybersecurity
21-0286,11/23/2020,"""I-Corps: Defensive charging for mobile devices""",National Science Foundation,,"Serwadda, Abdul",100%,"$50,000.00 ","$50,000.00 ",Cybersecurity
21-1219,8/27/2021,"""iDataScience: an abstraction-based online personalized approach to data science learning""",United States Department of Education,,"Zhang, Yuanlin",100%,"$948,301.00 ","$3,999,893.00 ",Education & Workforce Development
25-0851,3/25/2025,"""IGE: Track 1: Fertilizing the Next-Gen STEM Workforce through AI-Enhanced Graduate Research Apprenticeships""",National Science Foundation,,"Salman, Tara Thaer",30%,"$47,439.60 ","$147,729.90 ",Education & Workforce Development
25-0041,9/12/2024,"""III: Small: Algorithms and Methodologies for Detecting and Analyzing Contextual Causalities in Time Series Data""",National Science Foundation,,"Siami Namin, Akbar",100%,"$189,913.00 ","$600,000.00 ",AI / Machine Learning
19-0291,11/15/2018,"""III: Small: Craving Analytics and Risk Evaluations (CARE): Personalized Opioid Addiction Intervention for Collegiate Recovery""",National Science Foundation,,"Hewett, Rattikorn",15%,"$32,033.85 ","$75,000.00 ",Healthcare / Biomedical
19-0291,11/15/2018,"""III: Small: Craving Analytics and Risk Evaluations (CARE): Personalized Opioid Addiction Intervention for Collegiate Recovery""",National Science Foundation,,"Jin, Fang",55%,"$117,457.45 ","$275,000.00 ",Healthcare / Biomedical
22-0314,7/11/2022,"""Inkjet-Printed Flexible Lightweight Supercapacitor for High Density Energy Storage""",National Science Foundation,,"Morshed, Bashir Iqbal",90%,"$153,665.10 ","$450,000.00 ",Materials & Chemistry
19-1165,11/11/2019,"""Intelligent Visual Analytics for Energy Aware Security of Advanced Manufacturing""",University of Texas at San Antonio 743,United States Department of Energy,"Chen, Lin",12%,"$36,000.00 ","$107,999.88 ",Visualization / Analytics
19-1165,11/11/2019,"""Intelligent Visual Analytics for Energy Aware Security of Advanced Manufacturing""",University of Texas at San Antonio 743,United States Department of Energy,"Dang, Tommy",12%,"$36,000.00 ","$107,999.88 ",Visualization / Analytics
22-0726,4/22/2022,"""Intelligent Visual Analytics for Energy Aware Security of Advanced Manufacturing""",University of Texas at San Antonio 743,United States Department of Energy,"Dang, Tommy",25%,"$40,000.00 ","$40,000.00 ",Visualization / Analytics
23-0828,5/1/2023,"""Intelligent Visual Analytics for Energy Aware Security of Advanced Manufacturing""",University of Texas at San Antonio 743,United States Department of Energy,"Dang, Tommy",25%,"$13,333.25 ","$13,333.25 ",Visualization / Analytics
19-1165,11/11/2019,"""Intelligent Visual Analytics for Energy Aware Security of Advanced Manufacturing""",University of Texas at San Antonio 743,United States Department of Energy,"Hewett, Rattikorn",25%,"$75,000.00 ","$224,999.75 ",Visualization / Analytics
22-0726,4/22/2022,"""Intelligent Visual Analytics for Energy Aware Security of Advanced Manufacturing""",University of Texas at San Antonio 743,United States Department of Energy,"Hewett, Rattikorn",35%,"$56,000.00 ","$56,000.00 ",Visualization / Analytics
19-1165,11/11/2019,"""Intelligent Visual Analytics for Energy Aware Security of Advanced Manufacturing""",University of Texas at San Antonio 743,United States Department of Energy,"Serwadda, Abdul",15%,"$45,000.00 ","$134,999.85 ",Visualization / Analytics
19-1165,11/11/2019,"""Intelligent Visual Analytics for Energy Aware Security of Advanced Manufacturing""",University of Texas at San Antonio 743,United States Department of Energy,"Zhang, Zhenkai",12%,"$36,000.00 ","$107,999.88 ",Visualization / Analytics
20-0454,1/13/2020,"""Intelligent visual framework for analyzing chemical measurement data""",National Science Foundation,,"Dang, Tommy",100%,"$50,000.00 ","$50,000.00 ",Visualization / Analytics
21-0339,12/14/2020,"""Intelligent visual framework for analyzing chemical measurement data""",Gordon and Betty Moore Foundation,,"Dang, Tommy",100%,"$224,989.00 ","$660,781.00 ",Visualization / Analytics
25-0726,2/17/2025,"""Interpretable Deep Learning Models for Early Alzheimer''s Detection and Disease Progression Forecasting""",NIH - National Institute on Aging,,"Sheng, Victor",100%,"$157,480.00 ","$314,238.00 ",Healthcare / Biomedical
23-0066,9/15/2022,"""Investigating Privacy Issues of Wearable Brain Sensing""",Sony Electronics Inc,,"Serwadda, Abdul",100%,"$100,000.00 ","$100,000.00 ",Privacy / Ethics
25-0494,1/15/2025,"""IUSE:EDU: Creating An Interdisciplinary Course for Students with Diverse Background/Majors Enhancing Integrative Innovation inAutomation& Industrial Robotics""",National Science Foundation,,"Tiomkin, Stas",8%,"$3,887.04 ","$32,000.00 ",
20-0191,10/23/2019,"""Knowledge Representation Modeling of Missile Defense Tactics, Techniques and Procedures""",Verus Research,DOD-Missile Defense Agency,"Watson, Richard G",100%,"$31,974.00 ","$43,089.00 ",Defense / Security
24-1183,7/16/2024,"""LIGHT: LogIc and Gen AI based learning enHancement assistanT""",Google Inc,,"Zhang, Yuanlin",100%,"$63,369.00 ","$100,000.00 ",Education & Workforce Development
21-0084,10/7/2020,"""LogicDS: Fostering Virtual Data Science Learning with Mathematical Logic for Rural High School Students""",National Science Foundation,,"Sheng, Victor",30%,"$104,967.90 ","$476,886.90 ",Education & Workforce Development
21-0084,10/7/2020,"""LogicDS: Fostering Virtual Data Science Learning with Mathematical Logic for Rural High School Students""",National Science Foundation,,"Zhang, Yuanlin",70%,"$244,925.10 ","$1,112,736.10 ",Education & Workforce Development
26-0171,10/1/2025,"""Machine learning assisted quantitative ultrasound Scholte wave elatography for noninvasive skin cancer diagnosis""",DHHS National Institutes of Health,,"Sheng, Victor",15%,"$29,437.20 ","$117,950.70 ",Healthcare / Biomedical
19-0775,6/1/2019,"""Maintenance Remaining Useful Life Validator Application for Rotorcraft-Automated Component Tracking""",AVX Aircraft,United States Department of Defense,"Dang, Tommy",45%,"$134,999.55 ","$134,999.55 ",Sensors / IoT / Edge
25-0775,3/14/2025,"""Mapping stream drying in Texas for native fish conservation and management decisions""",National Aeronautics and Space Administration,,"Dang, Tommy",25%,"$58,953.25 ","$222,833.00 ",Environment & Agriculture
25-0187,10/7/2024,"""MFAI: Algorithms for Building Economic and Financial Volatility Models in Reinforcement Learning for Modeling and Prediction of Highly Volatile Time Series""",National Science Foundation,,"Siami Namin, Akbar",100%,"$328,571.00 ","$1,000,000.00 ",AI / Machine Learning
22-0149,10/25/2021,"""Monitoring of cardiac disease severity using a novel AI beat-wise classifier on a wearable device""",NIH - National Institute of Neurological Disorders,,"Morshed, Bashir Iqbal",100%,"$412,725.00 ","$412,725.00 ",Healthcare / Biomedical
19-0698,4/1/2019,"""Multi-Source Data Fusion""",AVX Aircraft,United States Department of Defense,"Dang, Tommy",10%,"$10,699.00 ","$30,000.00 ",Data / Metadata / Scientific Data
23-0845,6/15/2023,"""Music Informatics for Radio Across the GlobE (MIRAGE)""",National Endowment for the Humanities,,"Dang, Tommy",40%,"$15,672.40 ","$29,991.20 ",AI / Machine Learning
23-1023,8/31/2023,"""NeTS: FET: Small: Enhancing Connectivity in Quantum-Enabled Networks for Secure Data and Communications""",National Science Foundation,,"Liu, Ying",100%,"$103,748.00 ","$332,519.00 ",Quantum
23-0956,6/14/2023,"""Noninvasive in vivo ultrasound Scholte wave elastography for skin cancer diagnosis and staging""",Cancer Prevention and Research Institute of Texas (CPRIT),,"Sheng, Victor",15%,"$51,182.25 ","$152,365.20 ",Healthcare / Biomedical
26-0281,10/22/2025,"""Novel Robotic Functionality for Preempting Accidents on the Verge""",National Science Foundation,,"Tiomkin, Stas",100%,"$309,626.00 ","$834,823.00 ",Robotics & CPS
20-0509,2/6/2020,"""NRT-HDR: Convergence Research of Wildlife, Environmental, and Computational Sciences and Engineering""",National Science Foundation,,"Serwadda, Abdul",20%,"$131,171.00 ","$600,000.00 ",Environment & Agriculture
21-0593,3/24/2021,"""NRT-HDR: Convergence Research of Wildlife, Environmental, and Computational Sciences and Engineering""",National Science Foundation,,"Serwadda, Abdul",20%,"$129,946.60 ","$600,000.00 ",Environment & Agriculture
19-0298,2/6/2019,"""NRT-HDR: Data Analytics in Convergence Research of Wildlife, Environmental, and Computational Sciences and Engineering""",National Science Foundation,,"Serwadda, Abdul",16%,"$106,985.44 ","$480,000.00 ",Environment & Agriculture
23-0013,9/6/2022,"""NRT-HDR: Data Science Application to Convergent Research in Environmental Science, Computer Science, and Engineering""",National Science Foundation,,"Serwadda, Abdul",16%,"$65,790.88 ","$480,000.00 ",Environment & Agriculture
21-0437,1/26/2021,"""NSF INCLUDES Alliance: Tomorrow''s Women in STEM Today (TWIST)""",Florida International University,National Science Foundation,"Hewett, Rattikorn",60%,"$239,928.60 ","$1,259,570.40 ",Education & Workforce Development
20-0637,2/20/2020,"""NSF Student Travel Support for the 2020 IEEE International Conference on Data Mining (ICDM 2020)""",National Science Foundation,,"Sheng, Victor",100%,"$24,000.00 ","$24,000.00 ",Education & Workforce Development
19-1051,7/17/2019,"""NWI: CAREER: Development of Data-Driven Framework for Hurricane Disaster Resilience""",National Science Foundation,,"Jin, Fang",80%,"$75,977.60 ","$440,000.00 ",Disaster / Resilience / Evacuation
19-0742,6/10/2019,"""OIA: Promoting American leadership through balanced engagement: Managing risks before they turn into crises""",United States Department of State,,"Jin, Fang",10%,"$10,921.30 ","$36,228.20 ",Policy / Governance / Risk
19-0823,5/15/2019,"""OIA:SitS NSF UKRI: Building a soil health monitoring and assessment system integrating sensor networks and big data""",National Science Foundation,,"Chen, Yong",5%,"$13,517.60 ","$40,000.00 ",Environment & Agriculture
19-0823,5/15/2019,"""OIA:SitS NSF UKRI: Building a soil health monitoring and assessment system integrating sensor networks and big data""",National Science Foundation,,"Dang, Tommy",5%,"$13,517.60 ","$40,000.00 ",Environment & Agriculture
21-0355,1/1/2021,"""OIA; Data Science to Uncover Deep Structures and Sustainable Health Solutions""",DHHS National Institutes of Health,,"Sheng, Victor",40%,"$140,000.00 ","$699,728.80 ",Data / Metadata / Scientific Data
20-0743,3/25/2020,"""Optimal resource allocation for threat detection through dynamic behavior analysis""",National Science Foundation,,"Chen, Lin",60%,"$169,972.20 ","$296,402.40 ",Algorithms / Theory / Optimization
20-0743,3/25/2020,"""Optimal resource allocation for threat detection through dynamic behavior analysis""",National Science Foundation,,"Dang, Tommy",20%,"$56,657.40 ","$98,800.80 ",Algorithms / Theory / Optimization
23-1338,8/31/2023,"""Personal Drone-Assisted Privacy Preserving Strategies for Enhancing Cyber-Aerial Security and Border Protection""",Oak Ridge Associated Universities Inc,United States Department of Homeland Security,"Lim, Sunho",100%,"$100,000.00 ","$100,000.00 ",Privacy / Security
21-0476,2/10/2021,"""Personalized and Intelligent Visual Chemical Analysis Framework (PIVCAF)""",National Science Foundation,,"Dang, Tommy",100%,"$155,019.00 ","$248,976.00 ",Visualization / Analytics
24-0399,12/20/2023,"""PFI-TT: The Next Generation of Risk Assessment Platforms for Intelligent Monitoring and Detecting Vulnerability""",National Science Foundation,,"Siami Namin, Akbar",100%,"$277,452.00 ","$549,998.00 ",Sensors / IoT / Edge
19-0968,7/1/2019,"""Phase II IUCRC Texas Tech University:Center for Cloud and Autonomic Computing""",National Science Foundation,,"Chen, Yong",25%,"$25,000.25 ","$125,000.00 ",Software / Systems
21-1270,8/27/2021,"""Phase II IUCRC Texas Tech University:Center for Cloud and Autonomic Computing""",National Science Foundation,,"Chen, Yong",100%,"$49,999.00 ","$49,999.00 ",Software / Systems
19-0968,7/1/2019,"""Phase II IUCRC Texas Tech University:Center for Cloud and Autonomic Computing""",National Science Foundation,,"Dang, Tommy",15%,"$15,000.15 ","$75,000.00 ",Software / Systems
19-0968,7/1/2019,"""Phase II IUCRC Texas Tech University:Center for Cloud and Autonomic Computing""",National Science Foundation,,"Mengel, Susan A",15%,"$15,000.15 ","$75,000.00 ",Software / Systems
21-0517,2/3/2021,"""Phase-II IUCRC Texas Tech University: Center for Cloud and Autonomic Computing""",National Science Foundation,,"Chen, Yong",100%,"$200,000.00 ","$200,000.00 ",
21-1267,8/27/2021,"""Phase-II IUCRC Texas Tech University: Center for Cloud and Autonomic Computing""",National Science Foundation,,"Chen, Yong",100%,"$27,999.00 ","$27,999.00 ",
22-1079,8/2/2022,"""Phase-II IUCRC Texas Tech University: Center for Cloud and Autonomic Computing""",National Science Foundation,,"Chen, Yong",100%,"$199,216.00 ","$199,216.00 ",
22-1177,8/30/2022,"""Phase-II IUCRC Texas Tech University: Center for Cloud and Autonomic Computing""",National Science Foundation,,"Chen, Yong",100%,"$50,001.00 ","$50,001.00 ",
23-0863,4/25/2023,"""Phase-II IUCRC Texas Tech University: Center for Cloud and Autonomic Computing""",National Science Foundation,,"Chen, Yong",100%,"$51,656.00 ","$51,656.00 ",
23-0865,4/25/2023,"""Phase-II IUCRC Texas Tech University: Center for Cloud and Autonomic Computing""",National Science Foundation,,"Chen, Yong",100%,"$279,720.00 ","$279,720.00 ",
23-1294,8/17/2023,"""Phase-II IUCRC Texas Tech University: Center for Cloud and Autonomic Computing""",National Science Foundation,,"Chen, Yong",100%,"$50,000.00 ","$50,000.00 ",
24-0995,5/16/2024,"""Phase-II IUCRC Texas Tech University: Center for Cloud and Autonomic Computing""",National Science Foundation,,"Chen, Yong",100%,"$90,000.00 ","$90,000.00 ",
21-0560,2/16/2021,"""Planning Grant: Engineering Research Center for HydrOgen generation and production from PEtroleum reservoirs (HOPE)""",National Science Foundation,,"Sheng, Victor",20%,"$19,999.80 ","$19,999.80 ",Energy / Environment
21-0427,2/2/2021,"""Preparing Future Quantum Computing Scientists and Engineers: An Evidence-based Approach""",National Science Foundation,,"Zhang, Yuanlin",25%,"$33,272.50 ","$75,000.00 ",Education & Workforce Development
20-0390,12/12/2019,"""Preparing Future Quantum Computing Scientists and Engineers: Assessment and Evidence-based Instructional Instruments""",National Science Foundation,,"Zhang, Yuanlin",25%,"$33,593.50 ","$74,967.75 ",Education & Workforce Development
20-1184,8/4/2020,"""Preparing Future Quantum Computing Scientists and Engineers: Assessment and Evidence-based Instructional Instruments""",National Science Foundation,,"Zhang, Yuanlin",25%,"$33,705.25 ","$74,817.25 ",Education & Workforce Development
20-1207,8/4/2020,"""Project iChemistry: AI Augmented Learning of Chemistry""",National Science Foundation,,"Zhang, Yuanlin",50%,"$53,868.00 ","$114,977.00 ",Education & Workforce Development
21-0090,11/3/2020,"""Promoting Flu Vaccination via Social Media. Building Machine Learning Models for Social Listening and Virality""",DHHS National Institutes of Health,,"Sheng, Victor",20%,"$49,638.80 ","$79,702.40 ",AI / Machine Learning
24-0273,11/2/2023,"""Promoting Water Conservation with Precision Irrigation Technology through On-Farm Trials: Addressing Agronomic and Socioeconomic Challenges in a Semiarid Region""",USDA - Natural Resources Conservation Service,,"Sheng, Victor",10%,"$113,292.70 ","$381,199.00 ",Environment & Agriculture
19-0527,2/25/2019,"""QCIS-FF: Quantum Computing Capability in West Texas""",National Science Foundation,,"Hewett, Rattikorn",20%,"$48,571.00 ","$149,955.40 ",Quantum
20-0070,9/27/2019,"""QCIS-FF: Quantum Computing Capability in West Texas""",National Science Foundation,,"Hewett, Rattikorn",40%,"$95,790.80 ","$299,879.60 ",Quantum
19-0527,2/25/2019,"""QCIS-FF: Quantum Computing Capability in West Texas""",National Science Foundation,,"Serwadda, Abdul",16%,"$38,856.80 ","$119,964.32 ",Quantum
20-0070,9/27/2019,"""QCIS-FF: Quantum Computing Capability in West Texas""",National Science Foundation,,"Serwadda, Abdul",15%,"$35,921.55 ","$112,454.85 ",Quantum
19-0527,2/25/2019,"""QCIS-FF: Quantum Computing Capability in West Texas""",National Science Foundation,,"Zhuang, Yu",16%,"$38,856.80 ","$119,964.32 ",Quantum
19-0851,5/28/2019,"""QLCI-CG: Towards a Common Challenge Theme for Quantum Computing in the South Plains""",National Science Foundation,,"Hewett, Rattikorn",25%,"$25,454.00 ","$25,454.00 ",Quantum
26-0217,10/2/2025,"""Quantum - Building Academic Skills for Employment (Q-BASE): An Exploratory Study of How Students Integrate Physics, Mathematics, and Computer Science in Higher Education""",National Science Foundation,,"Pan, Ziwen",100%,"$160,670.00 ","$499,597.00 ",Quantum Education
26-0196,10/2/2025,"""Quantum Undergraduate Education in Semiotics and Technology (QUEST): Building Theory and Preparing the Future STEM Workforce""",National Science Foundation,,"Pan, Ziwen",100%,"$155,411.00 ","$499,332.00 ",Quantum
24-1168,7/16/2024,"""Querying the Cold War Lens: Digitizing US Foreign Policy Documents for an AI-Driven Reference Tool""",National Endowment for the Humanities,,"Serwadda, Abdul",25%,"$12,499.75 ","$12,499.75 ",Digital Humanities / NLP
22-0354,2/1/2022,"""Real-Time Automatic Tuning of Model Predictive Control with Reinforcement Learning for Battery Systems in Power Grids""",National Science Foundation,,"Chen, Yong",25%,"$39,138.00 ","$121,894.50 ",Robotics & CPS
23-1329,8/29/2023,"""Real-time Decision Making Support for Crowd Protection with AI-based Optimization""",Kent State University,United States Department of Homeland Security,"Chen, Lin",100%,"$29,537.00 ","$29,537.00 ",AI / Machine Learning
25-1192,6/30/2025,"""Representation learning oif dynamical systems""",University of Hertfordshire,,"Tiomkin, Stas",100%,"$13,000.00 ","$13,000.00 ",AI / Machine Learning
24-0344,12/1/2023,"""Research and Workforce Development in the area of Cybersecurity""",DOD Army Research Lab,,"Dang, Tommy",17%,"$212,728.82 ","$425,000.00 ",Education & Workforce Development
24-0344,12/1/2023,"""Research and Workforce Development in the area of Cybersecurity""",DOD Army Research Lab,,"Serwadda, Abdul",17%,"$212,728.82 ","$425,000.00 ",Education & Workforce Development
23-0946,5/11/2023,"""RESEARCH STRATEGY for UFHCC Artificial Intelligence Supplement Proposal""",University of Florida,,"Sheng, Victor",100%,"$9,000.00 ","$9,000.00 ",AI / Machine Learning
23-0679,3/14/2023,"""Resources estimation for quantum computing: Theory and NISQ-level verification""",DOE-Office of Science,,"Wei, Lu",100%,"$178,202.00 ","$874,988.00 ",Quantum
24-0537,2/2/2024,"""Responsible AI in the Future of Work""",National Humanities Center,Google Inc,"Zhang, Yuanlin",25%,"$5,000.00 ","$5,000.00 ",Human-centered / Social / Anthropology
21-1209,8/25/2021,"""REU Site: Interdisciplinary Research Experiences to Mitigate Disaster Challenges for the Socioeconomically Disadvantaged""",National Science Foundation,,"Lim, Sunho",20%,"$25,162.80 ","$77,941.80 ",Education & Workforce Development
21-1209,8/25/2021,"""REU Site: Interdisciplinary Research Experiences to Mitigate Disaster Challenges for the Socioeconomically Disadvantaged""",National Science Foundation,,"Sheng, Victor",16%,"$20,130.24 ","$62,353.44 ",Education & Workforce Development
21-1209,8/25/2021,"""REU Site: Interdisciplinary Research Experiences to Mitigate Disaster Challenges for the Socioeconomically Disadvantaged""",National Science Foundation,,"Shin, Eonsuk",16%,"$20,130.24 ","$62,353.44 ",Education & Workforce Development
20-1219,8/26/2020,"""REU Site: Research Experiences in Computing-Enabled Proactive Countermeasures to Disasters for Public Health and Safety""",National Science Foundation,,"Lim, Sunho",30%,"$37,615.80 ","$116,833.20 ",Education & Workforce Development
20-1219,8/26/2020,"""REU Site: Research Experiences in Computing-Enabled Proactive Countermeasures to Disasters for Public Health and Safety""",National Science Foundation,,"Sheng, Victor",20%,"$25,077.20 ","$77,888.80 ",Education & Workforce Development
20-1219,8/26/2020,"""REU Site: Research Experiences in Computing-Enabled Proactive Countermeasures to Disasters for Public Health and Safety""",National Science Foundation,,"Shin, Eonsuk",20%,"$25,077.20 ","$77,888.80 ",Education & Workforce Development
20-1219,8/26/2020,"""REU Site: Research Experiences in Computing-Enabled Proactive Countermeasures to Disasters for Public Health and Safety""",National Science Foundation,,"Zhang, Yuanlin",20%,"$25,077.20 ","$77,888.80 ",Education & Workforce Development
24-0106,9/27/2023,"""REU-Site: CCF-DMS-REU-DCL: Interdisciplinary Frontier of Computational, Mathematical, and Statistical Research for Computer Science Students""",National Science Foundation,,"Chen, Lin",20%,"$29,730.60 ","$89,637.40 ",Education & Workforce Development
24-0106,9/27/2023,"""REU-Site: CCF-DMS-REU-DCL: Interdisciplinary Frontier of Computational, Mathematical, and Statistical Research for Computer Science Students""",National Science Foundation,,"Ji, Tianxi",30%,"$44,595.90 ","$134,456.10 ",Education & Workforce Development
24-0106,9/27/2023,"""REU-Site: CCF-DMS-REU-DCL: Interdisciplinary Frontier of Computational, Mathematical, and Statistical Research for Computer Science Students""",National Science Foundation,,"Salman, Tara Thaer",30%,"$44,595.90 ","$134,456.10 ",Education & Workforce Development
24-0106,9/27/2023,"""REU-Site: CCF-DMS-REU-DCL: Interdisciplinary Frontier of Computational, Mathematical, and Statistical Research for Computer Science Students""",National Science Foundation,,"Wei, Lu",20%,"$29,730.60 ","$89,637.40 ",Education & Workforce Development
25-1130,5/29/2025,"""Robotics Intelligent Control and Encoderless Tracking for In-Motion Manufacturing Tasks""",General Motors Corporation,,"Tiomkin, Stas",100%,$1.00 ,$1.00 ,Robotics & CPS
23-1041,6/9/2023,"""Role of variants on signal peptide of nephrin regulator protein in glomerulus disease""",Texas Tech University Health Sciences Center,Pediatric Nephrology Research Consortium (PNRC),"Dang, Tommy",100%,"$12,000.00 ","$12,000.00 ",Healthcare / Biomedical
26-0152,9/23/2025,"""SaTC 2.0 : RES : Trustworthy Navigation Under Adversarial Threats : Toward AI-Augmented Robustness""",National Science Foundation,,"Wang, Wei",100%,"$197,135.00 ","$564,401.00 ",Cybersecurity
25-0435,12/19/2024,"""SaTC 2.0: RES: Behavioral Modeling of Resilient AI-Powered Defense Systems Against Polymorphic Malware""",National Science Foundation,None,"Siami Namin, Akbar",100%,"$318,589.00 ","$1,200,000.00 ",Cybersecurity
26-0126,9/29/2025,"""SaTC 2.0: RES: Improving Privacy-Preserving Learning using Generalized Spherical and Elliptical Distributions""",National Science Foundation,,"Ji, Tianxi",100%,"$122,903.00 ","$477,830.00 ",Privacy / Machine Learning
25-0474,1/27/2025,"""SaTC 2.0: RES: Personal Drone-Assisted Privacy Preservation Strategies in Sky-of-Privacy-Things""",National Science Foundation,,"Lim, Sunho",100%,"$131,780.00 ","$357,959.00 ",Privacy / Security
25-0417,12/13/2024,"""SaTC 2.0: RES: Secure Recovery Connectors for Self-Healing of Distributed Applications""",National Science Foundation,None,"Shin, Eonsuk",100%,"$197,823.00 ","$573,199.00 ",Cybersecurity
26-0123,9/29/2025,"""SaTC 2.0: RES: Study on digital profiling approach to reconstructing a crime scenario for industrial espionage""",National Science Foundation,,"Shin, Eonsuk",100%,"$197,370.00 ","$574,866.00 ",Cybersecurity
20-1093,7/1/2020,"""SaTC: CORE: Medium: Commonsense Reasoning for Comprehending Cyber Attacks and their Immediate Consequences to End-Users""",National Science Foundation,,"Siami Namin, Akbar",55%,"$166,153.35 ","$659,999.45 ",Cybersecurity
22-0390,3/30/2022,"""SaTC: Core: Medium: Predicting Consequences of Cyber Attacks Through Commonsense Reasoning""",National Science Foundation,,"Siami Namin, Akbar",55%,"$168,446.85 ","$660,000.00 ",
20-0938,5/29/2020,"""SaTC: CORE: Medium: Towards Secure Lightweight Physical Unclonable Functions for Resource-Constrained Internet-of-Things""",National Science Foundation,,"Zhang, Zhenkai",40%,"$81,934.00 ","$254,705.20 ",Cybersecurity
20-0938,5/29/2020,"""SaTC: CORE: Medium: Towards Secure Lightweight Physical Unclonable Functions for Resource-Constrained Internet-of-Things""",National Science Foundation,,"Zhuang, Yu",60%,"$122,901.00 ","$382,057.80 ",Cybersecurity
23-0613,3/6/2023,"""SaTC: CORE: Small: A Hierarchal Privacy-Preserving Robust Blockchain-based Federated Learning Paradigm""",National Science Foundation,,"Ji, Tianxi",20%,"$34,897.40 ","$119,910.40 ",
23-0613,3/6/2023,"""SaTC: CORE: Small: A Hierarchal Privacy-Preserving Robust Blockchain-based Federated Learning Paradigm""",National Science Foundation,,"Salman, Tara Thaer",80%,"$139,589.60 ","$479,641.60 ",
22-0378,1/25/2022,"""SaTC: CORE: Small: A Minimal Overhead Approach to Securing Lightweight Physical Unclonable Functions for Resource-Constrained IoT Devices""",National Science Foundation,,"Zhuang, Yu",100%,"$190,399.00 ","$563,346.00 ",Cybersecurity
23-0317,12/7/2022,"""SaTC: CORE: Small: Development of Adaptable and Secure Connectors for Dynamic Adaptation of Secure Software Architectures""",National Science Foundation,,"Shin, Eonsuk",100%,"$192,447.00 ","$586,172.00 ",Cybersecurity
24-0376,12/8/2023,"""SaTC: CORE: Small: Discovery of Defective Security Spots in Smart Contracts""",National Science Foundation,,"Shin, Eonsuk",100%,"$205,879.00 ","$599,849.00 ",Cybersecurity
20-0787,6/16/2020,"""SaTC: CORE: Small: Leveraging Physical Side-Channel Information to Build Detection-Based Rowhammer Defenses""",National Science Foundation,,"Zhang, Zhenkai",100%,"$126,782.00 ","$335,877.00 ",Cybersecurity
24-0389,10/1/2024,"""SaTC: CORE: Small: Rearchitecting Internet File Sharing to Counter Deepfakes""",National Science Foundation,,"Salman, Tara Thaer",20%,"$39,121.20 ","$119,999.40 ",Cybersecurity
24-0389,10/1/2024,"""SaTC: CORE: Small: Rearchitecting Internet File Sharing to Counter Deepfakes""",National Science Foundation,,"Serwadda, Abdul",80%,"$156,484.80 ","$479,997.60 ",Cybersecurity
25-0208,11/15/2024,"""SaTC: Core: Small: The Best of Three Worlds: Efficient, Privacy- and Utility-Preserving Empirical Risk Minimization""",National Science Foundation,,"Ji, Tianxi",100%,"$163,572.00 ","$467,245.00 ",Privacy / Machine Learning
24-0145,9/29/2023,"""SaTC: EDU: CyberEd Adaptation: Addressing the Opportunities and Challenges of Large Language Models in Cybersecurity Education and Assessment""",National Science Foundation,,"Serwadda, Abdul",75%,"$125,934.75 ","$375,000.00 ",Education & Workforce Development
25-0121,10/1/2024,"""SaTC: EDU: Revitalizing the Cybersecurity Classroom through Collaborative and Challenge-Based Learning""",National Science Foundation,,"Serwadda, Abdul",100%,"$170,823.00 ","$399,986.00 ",Education & Workforce Development
19-0289,12/3/2018,"""SaTC: TTP: Small: Transitioning Research to the Practice of Automatically Measuring One''s Phishing Susceptibility from Publicly Available Information""",National Science Foundation,None,"Siami Namin, Akbar",45%,"$74,269.80 ","$224,597.25 ",Cybersecurity
25-0793,4/4/2025,"""SCC-DG: Robotic Edge-AI Systems for Patrols and Observations in Natural Disasters (RESPOND)""",National Science Foundation,,"Morshed, Bashir Iqbal",90%,"$135,000.00 ","$135,000.00 ",Robotics & CPS
21-0548,2/24/2021,"""SCC-IRG Track 2: Improving Community Resilience through an AI-guided Platform for Precise Prediction and Real-time Communication of COVID-19 Risks""",George Washington University,National Science Foundation,"Siami Namin, Akbar",100%,"$111,802.00 ","$305,153.00 ",Disaster / Resilience / Evacuation
22-0622,5/25/2022,"""SCC-IRG Track 2: Scalable Framework for Smart and Connected Community Health""",National Science Foundation,,"Dang, Tommy",5%,"$26,283.30 ","$74,999.95 ",Healthcare / Biomedical
22-0622,5/25/2022,"""SCC-IRG Track 2: Scalable Framework for Smart and Connected Community Health""",National Science Foundation,,"Morshed, Bashir Iqbal",95%,"$499,382.70 ","$1,424,999.05 ",Healthcare / Biomedical
21-0500,2/24/2021,"""SCC-IRG Track 2: Smart-Health Integrated Framework and Topology (SHIFT)""",National Science Foundation,,"Dang, Tommy",5%,"$27,032.70 ","$75,000.00 ",Healthcare / Biomedical
21-0500,2/24/2021,"""SCC-IRG Track 2: Smart-Health Integrated Framework and Topology (SHIFT)""",National Science Foundation,,"Morshed, Bashir Iqbal",80%,"$432,523.20 ","$1,200,000.00 ",Healthcare / Biomedical
20-0012,9/6/2019,"""SCC-PG: Enhancing Asthma Management and Infrastructure through Sensing, Computation, and Community Engagement""",National Science Foundation,,"Dang, Tommy",30%,"$45,000.30 ","$45,000.30 ",Healthcare / Biomedical
20-0012,9/6/2019,"""SCC-PG: Enhancing Asthma Management and Infrastructure through Sensing, Computation, and Community Engagement""",National Science Foundation,,"Hewett, Rattikorn",20%,"$30,000.20 ","$30,000.20 ",Healthcare / Biomedical
20-0012,9/6/2019,"""SCC-PG: Enhancing Asthma Management and Infrastructure through Sensing, Computation, and Community Engagement""",National Science Foundation,,"Serwadda, Abdul",35%,"$52,500.35 ","$52,500.35 ",Healthcare / Biomedical
22-0239,11/10/2021,"""SCH: Flexible and Disposable Inkjet-Printed Thin-film Wearable Electronics for Smart Health""",National Science Foundation,,"Morshed, Bashir Iqbal",100%,"$183,035.00 ","$999,948.00 ",Sensors / IoT / Edge
20-0365,12/11/2019,"""SCH: INT: Real-Time Intoxication Monitoring and Diagnosis""",National Science Foundation,,"Jin, Fang",70%,"$178,910.90 ","$672,513.10 ",Healthcare / Biomedical
20-0929,5/15/2020,"""Science FAIR: FAIR Data Management for Scientific AI Applications""",United States Department of Energy,,"Chen, Yong",100%,"$125,000.00 ","$375,000.00 ",Data / Metadata / Scientific Data
19-0446,1/30/2019,"""Scientific Computing meets Machine Learning and Life Sciences""",National Science Foundation,,"Hewett, Rattikorn",25%,"$8,750.00 ","$8,750.00 ",AI / Machine Learning
21-0969,6/11/2021,"""Secure On-The-Move Additive Manufacturing (SOTMAM)""",University of Texas at San Antonio 743,United States Department of Energy,"Dang, Tommy",22%,"$55,000.00 ","$55,000.00 ",Manufacturing / Advanced Manufacturing
20-0329,11/19/2019,"""Security of Multiparty Computation in an Economic-driven Multiagent System""",DOD - Defense Advanced Research Projects Agency,,"Chen, Lin",100%,"$249,832.00 ","$784,972.00 ",Cybersecurity
24-0324,11/17/2023,"""Seismo-accoustic and Particle Physics Modeling and Simulation Code Interfaces""","Consolidated Nuclear Security, LLC",DOE-Pantex,"Zhuang, Yu",100%,"$85,261.00 ","$268,919.00 ",Scientific Computing
26-0023,9/15/2025,"""Semantic Acceleration: A Framework for Scalable Multi-Agent Communication in Next-Generation Networks""",National Science Foundation,,"Liu, Ying",100%,"$85,945.00 ","$272,433.00 ",Networking & Communications
20-1023,6/8/2020,"""SenSE: Early Diagnostics of ADHD among Children with Multimodal Sensors""",National Science Foundation,,"Sheng, Victor",45%,"$134,407.35 ","$337,499.55 ",Healthcare / Biomedical
19-0259,11/15/2018,"""SHF: A Generative Framework for Dynamic Moving Target Defense""",National Science Foundation,,"Siami Namin, Akbar",100%,"$173,708.00 ","$499,998.00 ",Cybersecurity
26-0067,9/10/2025,"""SHF: AI-Assisted Scalable Predictive Model Checking""",National Science Foundation,,"Siami Namin, Akbar",100%,"$246,356.00 ","$700,000.00 ",AI / Machine Learning
21-0526,7/1/2021,"""Simulation and Machine Learning to Optimize Sequencing in General Assembly""",General Motors Corporation,,"Chen, Lin",32%,"$115,969.60 ","$115,969.60 ",Manufacturing / Advanced Manufacturing
21-0526,7/1/2021,"""Simulation and Machine Learning to Optimize Sequencing in General Assembly""",General Motors Corporation,,"Chen, Yong",18%,"$65,232.90 ","$65,232.90 ",Manufacturing / Advanced Manufacturing
23-0403,12/14/2022,"""Simulation and Machine Learning to Optimize Sequencing in General Assembly""",General Motors Corporation,,"Dang, Tommy",50%,"$179,502.50 ","$179,502.50 ",Manufacturing / Advanced Manufacturing
20-0924,5/20/2020,"""SitS: A sensor network and big data system for monitoring an agroecosystem transitioning from irrigated to dryland farming""",National Science Foundation,,"Chen, Yong",10%,"$46,010.60 ","$119,999.90 ",Environment & Agriculture
21-1127,7/14/2021,"""Situational Context Detection with Edge-computing RT-AI in Smart Devices""",Facebook,,"Morshed, Bashir Iqbal",100%,"$100,000.00 ","$100,000.00 ",Sensors / IoT / Edge
24-1154,7/8/2024,"""SkyDecoy: Personal Drone-Assisted Privacy-Preservation and Cybertactical Strategies in Sky-of-Privacy-Things""",Samsung Electronics Co. Ltd,,"Lim, Sunho",100%,"$150,000.00 ","$150,000.00 ",Privacy / Security
20-0368,12/11/2019,"""Smart Home Real-Time Multi-Abnormal Detection with A Radio Sensing Network""",National Science Foundation,,"Jin, Fang",10%,"$26,168.00 ","$108,709.80 ",Sensors / IoT / Edge
20-0368,12/11/2019,"""Smart Home Real-Time Multi-Abnormal Detection with A Radio Sensing Network""",National Science Foundation,,"Sheng, Victor",40%,"$104,672.00 ","$434,839.20 ",Sensors / IoT / Edge
21-0725,4/1/2021,"""Software Tool Development to Advance Post-market Surveillance of High-risk Facilities and Products""",TConneX Inc,DHHS National Institutes of Health,"Sheng, Victor",100%,"$198,971.00 ","$622,241.00 ",Data / Metadata / Scientific Data
19-0864,5/31/2019,"""Software-Defined Networking for Research on Defending Ubiquitous Cyberattacks and Enhancing Mobile Network Capabilities in 5G Era""",DOD - Office of Naval Research,None,"Lim, Sunho",60%,"$39,415.80 ","$39,415.80 ",Networking & Communications
19-0864,5/31/2019,"""Software-Defined Networking for Research on Defending Ubiquitous Cyberattacks and Enhancing Mobile Network Capabilities in 5G Era""",DOD - Office of Naval Research,None,"Shin, Eonsuk",40%,"$26,277.20 ","$26,277.20 ",Networking & Communications
22-0735,5/2/2022,"""Soldier Information Interface for Aviation Fleet Management Tool (FLEETSPACE Integration & Test)""",AVX Aircraft,DOD Army,"Dang, Tommy",30%,"$69,213.60 ","$101,990.70 ",Defense / Security
21-0564,3/4/2021,"""Solider Information Interface for Aviation Fleet Management Tool (FLEETSPACE)""",AVX Aircraft,DOD Army,"Dang, Tommy",40%,"$123,271.20 ","$123,271.20 ",Defense / Security
21-1225,8/17/2021,"""Technology Roadmap of Software-defined Manufacturing Infrastructure""",UT-Rio Grande,DOC - National Institute of Standards and Technology,"Chen, Lin",100%,"$23,065.00 ","$23,065.00 ",Manufacturing / Advanced Manufacturing
22-0554,2/17/2022,"""TERRA: Towards a Culture of Responsible Legal and Ethical Research and Scholarly Journal Assessment in the Global Environment""",National Science Foundation,,"Sheng, Victor",13%,"$16,777.67 ","$51,947.09 ",Human-centered / Social / Anthropology
24-0853,4/26/2024,"""Theme 3: AIFUSION-X - AI Fusion with eXpertise from Deep Neural Networks, Generative Models, and Specialized Systems""",Arizona State University,National Science Foundation,"Zhang, Yuanlin",80%,"$91,509.60 ","$480,000.00 ",AI / Machine Learning
19-0345,1/10/2019,"""Theoretical design of metal halide mixtures for facile ammonia absorption/desorption cycles and experimental verification""",National Science Foundation,,"Zhuang, Yu",33%,"$42,408.30 ","$164,960.73 ",Materials & Chemistry
23-1170,7/19/2023,"""To validate candidate biomarkers differentiating racial disparities in triple-negative breast cancer (TNBC)""",Texas Tech University Health Science Center at El Paso,DOD - US Army Medical Research and Development Command,"Sheng, Victor",50%,"$70,703.50 ","$77,797.50 ",Healthcare / Biomedical
23-1170,7/19/2023,"""To validate candidate biomarkers differentiating racial disparities in triple-negative breast cancer (TNBC)""",Texas Tech University Health Science Center at El Paso,DOD - US Army Medical Research and Development Command,"Zhuang, Yu",50%,"$70,703.50 ","$77,797.50 ",Healthcare / Biomedical
22-1098,8/12/2022,"""Toward Privacy-Preserving Representation Learning for Text-Associated Networks with Simplicial Complexes""",United States Department of Defense,,"Sheng, Victor",100%,"$189,165.00 ","$799,860.00 ",Privacy / Machine Learning
24-0523,1/24/2024,"""Towards Identify Disparities and Predict Risk Factors for Opioid Use Disorder with Machine Learning""",DHHS National Institutes of Health,,"Sheng, Victor",100%,"$469,925.00 ","$469,925.00 ",Healthcare / Biomedical
24-0201,10/11/2023,"""Towards Precision Nutrition with Explainable Artificial Intelligence""",CUNY Graduate School of Public Health and Health Policy,NIH - Nutrition for Precision Health,"Sheng, Victor",100%,"$124,461.00 ","$124,461.00 ",AI / Machine Learning
24-0063,10/12/2023,"""Transforming Crop Water Stress Monitoring and Irrigation Scheduling using Edge Computing, Unmanned Vehicles and AI Technologies""",USDA-NIFA Cooperative State Research Ed & Extension Service,,"Yao, Jingjing",40%,"$83,968.40 ","$260,000.00 ",Environment & Agriculture
25-0221,10/10/2024,"""Transforming Crop Water Stress Monitoring and Irrigation Scheduling using Edge Computing, Unmanned Vehicles and AI Technologies""",USDA-NIFA Cooperative State Research Ed & Extension Service,,"Yao, Jingjing",40%,"$98,326.00 ","$260,000.00 ",Environment & Agriculture
26-0151,10/9/2025,"""Transforming Crop Water Stress Monitoring and Irrigation Scheduling using Edge Computing, Unmanned Vehicles and AI Technologies""",USDA-NIFA Cooperative State Research Ed & Extension Service,,"Yao, Jingjing",40%,"$102,502.00 ","$260,000.00 ",Environment & Agriculture
25-0755,2/25/2025,"""Uncovering Disparities and Identifying Risk Factors for Opioid Use Disorder with Machine Learning""",NIH - National Institute on Drug Abuse,,"Sheng, Victor",100%,"$197,077.00 ","$595,070.00 ",Healthcare / Biomedical
21-0713,3/25/2021,"""Understanding and Controlling Power Consumption of GPUs towards Energy Efficient HPC Systems""",The Regents of the University of California Lawrence Berkeley Natl Lab,DOE-Lawrence Berkeley National Laboratory,"Chen, Yong",100%,"$35,000.00 ","$35,000.00 ",Software / Systems
24-1048,6/11/2024,"""Unveiling the Role of CCM Proteins in Tumorigenesis: An Innovative AI-Driven Bioinformatics Analysis Approach""",Cancer Prevention and Research Institute of Texas (CPRIT),,"Sheng, Victor",100%,"$349,054.00 ","$1,038,859.00 ",Healthcare / Biomedical
23-1262,9/1/2023,"""USAID Employment Pathways for Youth""",United States Agency for Intl Devpt,,"Sheng, Victor",16%,"$518,466.72 ","$1,918,547.36 ",Education & Workforce Development
21-0934,5/20/2021,"""Validating JWST''s in-orbit clock accuracy""",Space Telescope Science Institute,National Aeronautics and Space Administration,"Dang, Tommy",34%,"$44,181.30 ","$44,181.30 ",Space / Astronomy
24-0948,5/1/2024,"""Visualization of the vehicle sequencing""",General Motors Corporation,,"Dang, Tommy",100%,"$74,906.00 ","$74,906.00 ",Visualization / Analytics
